o_city,d_city,MinPrice,MeanPrice,MaxPrice,MinDuration,MeanDuration,MaxDuration
5,23,18600,20320.0,22000,533.0,618.8,954.0
6,227,9860,11755.0,13650,744.0,822.5,901.0
6,504,2000,4042.6666666666665,8920,336.0,497.4,740.0
6,628,2600,2797.5,3190,580.0,730.0,870.0
6,845,700,864.6268656716418,2420,60.0,79.91044776119404,251.0
6,10480,3700,3833.3333333333335,4050,300.0,350.0,480.0
11,28,5090,5190.0,5290,875.0,892.5,910.0
11,33,2000,2630.0,3280,1305.0,1449.0,1605.0
11,200,2390,6405.238095238095,10740,246.0,686.4285714285714,1900.0
11,424,1600,4389.393939393939,7100,480.0,957.5757575757576,2560.0
11,453,4890,8990.0,16000,271.0,744.4193548387096,2330.0
11,485,1400,2501.3297872340427,6500,180.0,239.46808510638297,1235.0
11,524,2790,9558.0,17600,410.0,531.6,710.0
11,580,1100,2475.4166666666665,4600,100.0,231.625,661.0
11,628,1600,5724.961240310077,14900,243.0,625.6589147286821,1745.0
11,639,1200,2020.0,2500,230.0,746.25,1170.0
11,843,500,627.7049180327868,1890,50.0,74.09836065573771,860.0
11,1088,2650,3239.090909090909,3700,240.0,385.0,1215.0
11,2621,6150,8318.333333333334,9990,610.0,1145.8333333333333,1540.0
11,5520,3100,3487.5,3950,280.0,297.5,340.0
11,8952,3500,6971.428571428572,12400,340.0,761.8571428571429,1337.0
11,8972,5700,11231.25,14600,446.0,507.5,642.0
11,10033,1400,2516.9565217391305,3490,143.0,463.0869565217391,2044.0
15,126,4550,4550.0,4550,460.0,460.0,460.0
21,11,3500,8982.142857142857,12600,316.0,592.8214285714286,1625.0
21,23,6220,6220.0,6220,304.0,334.0,364.0
21,126,2000,7394.827586206897,13380,258.0,569.3448275862069,1520.0
21,132,950,974.0,1550,80.0,92.4,160.0
21,453,700,1553.8333333333333,12850,70.0,147.05,1121.0
21,562,2100,8989.5,11080,265.0,328.6,625.0
21,628,850,1113.5,1200,100.0,150.0,310.0
21,635,4190,4535.0,4880,960.0,1067.5,1175.0
23,21,6220,13297.0,17080,365.0,427.0,526.0
23,99,3390,3960.5882352941176,5780,530.0,704.4117647058823,1005.0
23,453,1800,6487.627118644068,21700,170.0,357.59322033898303,1607.0
23,628,2300,7463.842592592592,18740,222.0,502.75,2070.0
23,712,2300,2300.0,2300,19065.0,19065.0,19065.0
23,1061,1400,4389.411764705882,8120,163.0,251.52941176470588,415.0
28,5,5700,9555.0,13110,388.0,433.5,520.0
28,317,4490,4753.333333333333,5280,720.0,908.3333333333334,1245.0
28,429,400,959.0909090909091,3250,70.0,92.0,176.0
28,485,4400,7201.538461538462,11600,294.0,576.0769230769231,1335.0
28,542,2050,3348.0,5700,670.0,1089.0,1320.0
28,628,1000,2234.1052631578946,3490,160.0,265.2631578947368,875.0
28,697,600,867.3076923076923,1200,90.0,117.88461538461539,360.0
28,848,850,1084.0,1890,70.0,212.9,920.0
28,1477,4761,5169.0,5577,855.0,1020.0,1185.0
28,5520,4750,8168.333333333333,12820,480.0,1021.3333333333334,2250.0
28,6228,5350,10048.0,13480,480.0,843.6,1684.0
28,7330,1990,3435.3333333333335,3990,115.0,289.26666666666665,1280.0
28,7668,2900,6131.578947368421,10700,299.0,410.7368421052632,719.0
30,485,3880,3880.0,3880,825.0,825.0,825.0
30,542,2100,3313.684210526316,6080,440.0,928.1578947368421,1845.0
30,628,1590,6062.0,9920,142.0,261.8,544.0
30,638,2950,2950.0,2950,114.0,155.8,253.0
30,719,500,1820.0,2230,90.0,149.33333333333334,215.0
30,876,2150,12229.285714285714,16300,299.0,377.2142857142857,571.0
33,152,3800,10432.142857142857,17500,350.0,846.4285714285714,2550.0
33,188,700,2205.925925925926,2750,70.0,166.11111111111111,250.0
33,453,3200,7257.1875,12800,374.0,627.203125,2155.0
33,485,850,1068.1818181818182,1300,90.0,101.81818181818181,140.0
33,504,2480,5603.125,8080,265.0,364.25,1085.0
33,528,2400,2626.6666666666665,2990,495.0,945.0,1345.0
33,562,3600,4042.5,4480,795.0,1067.5,1585.0
33,8663,850,2644.375,3360,70.0,198.5625,241.0
46,94,850,1550.0,2000,90.0,733.3333333333334,1145.0
46,171,850,2013.5294117647059,2600,70.0,597.2941176470588,1510.0
46,446,700,2246.818181818182,3690,110.0,741.8181818181819,1860.0
46,628,1550,2652.5,3680,160.0,485.0,805.0
46,697,2390,4943.076923076923,12000,209.0,876.3076923076923,1895.0
46,843,6500,10711.42857142857,18000,350.0,818.3809523809524,1959.0
46,1463,2716,3610.5,4616,855.0,1141.6666666666667,1705.0
46,5105,600,1777.857142857143,3970,100.0,415.14285714285717,975.0
46,7603,1200,3873.2,7700,110.0,420.48,1530.0
52,367,500,500.0,500,60.0,60.0,60.0
52,580,1300,1466.6666666666667,1550,120.0,150.0,190.0
54,628,1200,2072.8571428571427,3000,100.0,392.74285714285713,810.0
54,726,2900,6875.714285714285,10400,310.0,631.7142857142857,1215.0
54,845,3080,6743.478260869565,15100,410.0,734.0,1063.0
54,1088,2180,4846.0,8890,230.0,522.0,670.0
54,6211,300,540.0,1500,50.0,58.6,93.0
54,8999,1500,1500.0,1500,111.0,111.0,111.0
57,28,3590,5750.0,9490,925.0,1317.5,1955.0
57,107,1100,1920.0,3120,100.0,179.8,430.0
57,148,6290,7560.0,9700,720.0,1537.5,2465.0
57,317,1000,2257.1428571428573,3970,120.0,247.25714285714287,1600.0
57,453,3200,10619.047619047618,15920,333.0,524.6349206349206,990.0
57,485,1000,1795.6,3690,110.0,653.8,9990.0
57,504,500,984.5070422535211,2300,60.0,170.40845070422534,1690.0
57,539,500,1260.0,2820,60.0,343.42857142857144,1190.0
57,542,600,883.3333333333334,2400,70.0,112.77777777777777,325.0
57,628,3390,8304.675324675325,17320,225.0,519.6493506493506,2005.0
57,732,1200,3457.6,4990,180.0,328.84,1250.0
57,840,3000,3408.3333333333335,4090,640.0,1165.0,1650.0
57,1061,3500,9470.222222222223,21420,380.0,875.7555555555556,1995.0
57,2181,5350,5383.333333333333,5450,440.0,456.6666666666667,490.0
57,2621,8700,8700.0,8700,895.0,895.0,895.0
59,546,2480,2540.0,2600,1280.0,1585.0,1890.0
76,100,7600,7600.0,7600,750.0,750.0,750.0
76,277,4800,6898.0,9350,840.0,1183.0,1475.0
76,504,2200,3349.285714285714,4580,330.0,457.85714285714283,675.0
76,639,850,1856.6666666666667,4490,140.0,248.33333333333334,740.0
76,7523,5600,6475.0,7350,640.0,660.0,680.0
85,628,2200,9671.666666666666,14290,260.0,633.6388888888889,2000.0
85,635,600,1037.2413793103449,3810,60.0,111.55172413793103,799.0
85,685,3600,14143.846153846154,27000,446.0,886.2307692307693,1653.0
89,1,3190,3190.0,3190,775.0,775.0,775.0
89,485,1700,2532.5,3100,190.0,310.4166666666667,940.0
89,809,500,1050.0,1600,110.0,181.66666666666666,370.0
89,845,6150,6150.0,6150,550.0,550.0,550.0
89,5121,1400,1895.0,2690,245.0,795.0,1555.0
94,628,1550,1683.3333333333333,1800,150.0,180.0,210.0
95,874,5900,5900.0,5900,670.0,670.0,670.0
99,23,3400,3893.846153846154,4700,450.0,630.4615384615385,856.0
99,485,6090,6190.0,6290,1200.0,1200.0,1200.0
99,628,3800,6114.285714285715,8350,1020.0,1412.857142857143,1775.0
100,23,7200,7200.0,7200,640.0,640.0,640.0
102,23,3800,3896.6666666666665,4090,930.0,995.0,1095.0
102,57,1800,2763.3333333333335,3390,955.0,1108.3333333333333,1290.0
102,173,2600,3607.3529411764707,5180,895.0,1168.6764705882354,1690.0
102,227,600,650.0,700,60.0,70.0,80.0
102,424,4150,8590.625,15800,404.0,1266.1875,2443.0
102,485,1400,1933.3333333333333,2400,140.0,170.625,425.0
102,580,2390,5751.0526315789475,15520,410.0,934.8947368421053,1730.0
102,809,1000,1905.3846153846155,5100,160.0,461.03846153846155,1380.0
102,843,2390,5585.0,10620,408.0,672.625,1130.0
102,1088,1200,2276.3636363636365,5140,140.0,474.72727272727275,1420.0
105,46,300,1927.6923076923076,2980,40.0,706.1538461538462,1370.0
105,446,2490,2490.0,2490,485.0,843.3333333333334,1445.0
107,542,500,587.5,600,60.0,71.25,100.0
107,714,4490,9134.0,13350,392.0,604.6,1415.0
107,809,4300,5225.0,6150,540.0,1027.5,1515.0
107,845,1300,1357.142857142857,1450,110.0,242.14285714285714,975.0
107,876,3690,3885.0,4080,1445.0,1640.0,1835.0
109,126,1200,1770.7142857142858,3280,100.0,271.42857142857144,590.0
109,485,2400,6014.6875,21150,451.0,783.65625,1700.0
109,628,1990,3222.5,6600,480.0,713.125,1080.0
109,777,4050,7227.5,10070,360.0,832.875,1602.0
109,3738,500,500.0,500,50.0,63.333333333333336,80.0
112,336,1300,1464.4444444444443,1840,180.0,325.55555555555554,415.0
126,11,4150,4275.0,4400,400.0,420.0,440.0
126,85,850,1418.076923076923,3600,100.0,149.40384615384616,1287.0
126,102,2800,4234.0,5800,560.0,875.0,1165.0
126,152,1500,2056.6666666666665,3640,150.0,426.3333333333333,1590.0
126,168,2300,4849.384615384615,9680,295.0,572.1692307692308,1625.0
126,184,2790,3218.181818181818,3890,630.0,789.5454545454545,1135.0
126,213,1100,2100.0,2750,120.0,232.3,651.0
126,227,3190,8125.0,12360,431.0,960.1875,1782.0
126,317,4900,8941.818181818182,13010,400.0,599.7272727272727,1060.0
126,348,1800,3396.6666666666665,6000,180.0,516.6666666666666,1105.0
126,434,3100,7533.666666666667,13350,322.0,529.2,961.0
126,453,2590,3672.4675324675327,6480,490.0,1734.077922077922,29571.0
126,467,7900,26570.58823529412,35100,266.0,554.7647058823529,1582.0
126,485,2600,5956.829268292683,11500,320.0,658.6646341463414,1970.0
126,530,2300,4479.090909090909,8290,300.0,803.0,2040.0
126,539,5250,5250.0,5250,380.0,380.0,380.0
126,541,2400,2600.0,3000,240.0,305.7142857142857,420.0
126,542,1600,3970.169491525424,7650,280.0,469.7118644067797,1710.0
126,562,1450,2598.1481481481483,4650,180.0,248.78451178451178,1940.0
126,585,2100,5465.833333333333,8250,340.0,768.5,2055.0
126,587,1300,1624.3478260869565,3530,110.0,342.69565217391306,1930.0
126,628,1790,4363.492063492064,10900,167.0,414.1794871794872,2019.0
126,638,700,1018.918918918919,1300,80.0,103.78378378378379,190.0
126,657,1200,1831.6666666666667,2490,160.0,293.75,1105.0
126,697,1890,3287.6785714285716,6100,270.0,347.32142857142856,550.0
126,714,5150,8240.0,12900,420.0,729.625,1686.0
126,737,2000,8205.0,20100,308.0,738.75,1435.0
126,845,1200,1845.2054794520548,6170,120.0,178.3013698630137,2505.0
126,872,2400,7339.375,12300,351.0,798.8125,1417.0
126,1061,3890,12718.97435897436,21000,279.0,590.1538461538462,1760.0
126,1088,6490,6690.0,6890,1235.0,1405.0,1575.0
126,2087,9500,9966.666666666666,10700,1250.0,1446.6666666666667,1680.0
126,2181,3350,4429.411764705882,5450,320.0,373.52941176470586,600.0
126,2621,5900,7898.0,9200,500.0,972.0,1170.0
126,5517,1450,2070.0,3460,120.0,264.5,693.0
126,5527,4400,5390.0,5900,470.0,857.0,2285.0
126,6031,2400,3724.285714285714,5620,230.0,341.0,770.0
126,6135,4190,9583.333333333334,12790,258.0,575.5,1245.0
126,7330,2400,3063.3333333333335,3690,745.0,1100.0,1775.0
126,7603,2900,6272.093023255814,11100,190.0,481.6744186046512,1647.0
126,7779,1630,2074.4444444444443,2770,65.0,421.44444444444446,928.0
126,8250,3600,4100.0,4550,350.0,422.5,570.0
126,8317,2400,3458.0,5960,230.0,293.8,372.0
126,12190,3690,5022.5,7200,610.0,757.5,1040.0
132,46,850,2993.3333333333335,3440,90.0,319.0416666666667,1570.0
132,1038,9020,9553.333333333334,10320,551.0,584.6666666666666,633.0
134,23,2800,3554.0,4490,730.0,947.5,1635.0
134,192,1200,2100.8333333333335,3790,67.0,460.0,1730.0
134,227,1700,4014.5,5480,205.0,458.0,1515.0
134,467,4190,13037.32142857143,27100,281.0,705.5446428571429,1535.0
134,485,1000,3095.128205128205,6500,200.0,562.0769230769231,1860.0
134,628,1650,3303.125,8640,122.0,372.9375,1572.0
143,628,4780,4780.0,4780,1005.0,1005.0,1005.0
147,188,5350,5350.0,5350,470.0,470.0,470.0
147,845,2880,3590.0,4300,420.0,1155.0,1890.0
148,23,7200,8030.0,8970,1260.0,1527.0,1810.0
148,451,4100,8337.777777777777,14000,461.0,738.5555555555555,1210.0
148,876,950,2318.4210526315787,6000,110.0,185.6315789473684,360.0
148,1088,8180,8280.0,8380,1110.0,1162.5,1215.0
148,2181,4050,4050.0,4050,350.0,350.0,350.0
152,33,2200,2350.0,2500,505.0,505.0,505.0
152,54,2300,2350.0,2400,610.0,680.0,750.0
152,109,2390,4476.0,7800,460.0,813.6,1410.0
152,197,2380,4185.714285714285,5490,650.0,1232.142857142857,1775.0
152,200,1300,1300.0,1300,120.0,120.0,120.0
152,485,1880,2682.7272727272725,3100,240.0,316.3636363636364,445.0
152,504,1600,4572.5,9360,460.0,984.25,1897.0
152,542,1800,4184.705882352941,7560,361.0,948.7647058823529,1801.0
152,562,1800,2610.0,3100,280.0,600.0,1650.0
152,611,1200,2136.25,3000,200.0,470.625,715.0
152,628,1800,3430.6666666666665,7250,290.0,400.3666666666667,745.0
152,845,1450,1824.4444444444443,3280,110.0,280.55555555555554,870.0
152,1088,3080,3596.25,4800,515.0,601.875,715.0
152,1918,8480,10523.333333333334,12600,1180.0,4470.0,10950.0
155,485,8980,8980.0,8980,1956.0,1956.0,1956.0
162,628,16395,16395.0,16395,2850.0,2850.0,2850.0
168,76,7280,8321.111111111111,9580,1820.0,2167.222222222222,2535.0
168,126,2790,3810.0,5250,420.0,703.3333333333334,1040.0
168,200,2100,6125.833333333333,9770,388.0,891.75,2800.0
168,453,2150,3093.5714285714284,4390,230.0,342.85714285714283,560.0
168,467,3790,4772.0,6390,660.0,924.0,1650.0
168,485,2700,4751.764705882353,10900,344.0,620.0,880.0
168,524,2390,6209.473684210527,10570,299.0,555.1578947368421,1110.0
168,628,1190,1833.2692307692307,4070,140.0,194.46153846153845,1825.0
168,692,5000,5625.0,6250,1415.0,1807.5,2200.0
168,737,850,1254.6875,1700,90.0,143.59375,1035.0
168,1061,2200,8042.040816326531,12000,264.0,349.40816326530614,1890.0
168,5466,500,1211.6666666666667,1950,70.0,350.5,1280.0
171,504,3700,7092.857142857143,14400,348.0,876.4285714285714,1235.0
171,628,2050,3622.5,7960,170.0,350.35,1450.0
171,2023,4046,4236.5,4427,685.0,937.5,1190.0
173,11,950,2626.8888888888887,4300,90.0,253.44444444444446,1348.0
173,317,1600,3532.8571428571427,7410,300.0,653.3333333333334,1390.0
173,453,7900,9136.0,10490,640.0,951.0,1705.0
173,504,950,2341.044776119403,3830,110.0,240.19402985074626,1497.0
173,542,1600,3507.8,13400,170.0,507.06,1924.0
173,585,1050,1685.0,2300,385.0,812.5,1450.0
173,611,3600,3600.0,3600,1140.0,1140.0,1140.0
173,628,3190,6904.520547945205,16600,352.0,743.6849315068494,1905.0
173,809,2900,10109.285714285714,20800,540.0,1188.5,2580.0
184,628,950,2080.5,11550,110.0,360.75,1665.0
184,694,5000,5000.0,5000,190.0,200.0,210.0
185,33,1200,2260.0,4400,150.0,502.22727272727275,2180.0
185,451,3100,9312.857142857143,13800,310.0,1092.2857142857142,3060.0
185,485,500,1825.2777777777778,3220,80.0,222.63888888888889,1335.0
185,628,1400,2929.5384615384614,4200,170.0,467.3538461538462,1725.0
185,639,2990,3690.0,4290,625.0,968.1818181818181,1250.0
185,843,2000,2400.0,3200,555.0,898.3333333333334,1175.0
185,1061,2800,3000.0,3400,520.0,746.25,940.0
185,5866,400,1033.3333333333333,2000,90.0,175.0,345.0
185,10480,2900,3250.0,3600,280.0,315.0,350.0
186,107,6040,6615.0,7540,246.0,357.25,898.0
186,200,1290,2965.7894736842104,5510,263.0,336.05263157894734,465.0
186,424,5800,12580.833333333334,20900,412.0,1174.6666666666667,2150.0
186,628,1600,5627.045454545455,11610,208.0,394.8636363636364,830.0
186,845,2600,4473.181818181818,7840,361.0,816.7727272727273,1683.0
189,504,4000,11017.142857142857,15450,709.0,1152.142857142857,1860.0
191,562,2150,4475.833333333333,6190,175.0,264.3333333333333,580.0
191,5611,6920,9787.5,10560,528.0,561.9166666666666,610.0
192,485,1800,3113.0,4990,250.0,947.0,1940.0
192,504,2600,5616.666666666667,9800,490.0,1136.8333333333333,2085.0
192,628,1200,3048.0,7750,150.0,293.4888888888889,1360.0
192,714,2300,4282.222222222223,6200,270.0,424.8333333333333,980.0
193,628,2150,2915.0,3480,220.0,805.0,1370.0
197,542,3790,4951.0,6500,480.0,1195.0,1805.0
200,11,2680,6036.739130434783,12500,244.0,541.3478260869565,1371.0
200,126,2050,3019.5180722891564,7080,130.0,264.8433734939759,680.0
200,152,1300,1873.4285714285713,3690,120.0,326.57142857142856,985.0
200,186,1480,3546.190476190476,5510,230.0,304.3809523809524,425.0
200,227,1190,2677.3333333333335,5080,230.0,352.53333333333336,495.0
200,336,5990,6316.666666666667,6480,1125.0,1206.6666666666667,1340.0
200,424,2690,7463.0,15200,340.0,784.0,1880.0
200,485,850,1222.9241877256318,1550,90.0,125.34296028880867,230.0
200,504,2400,4383.849206349207,6870,290.0,381.56349206349205,1050.0
200,542,2150,2491.6666666666665,2650,210.0,240.0,260.0
200,548,500,1452.3809523809523,3280,70.0,181.52380952380952,735.0
200,628,1400,3215.3333333333335,6890,220.0,330.3692307692308,1675.0
200,704,700,1306.0,2150,80.0,137.0,295.0
200,714,1400,2763.3333333333335,4780,410.0,666.0,1135.0
200,848,2390,3658.0,5190,460.0,674.5,880.0
200,1094,10050,13358.0,16890,1170.0,4196.0,11650.0
200,2070,2700,4241.111111111111,5600,410.0,619.4444444444445,905.0
200,6249,3600,3666.6666666666665,3700,290.0,310.0,320.0
200,7507,6980,8562.5,10100,950.0,1302.5,1740.0
204,467,3690,4345.0,5890,1095.0,1403.75,2190.0
204,714,3390,10199.636363636364,16200,288.0,548.5272727272727,2554.0
204,11110,500,600.0,700,50.0,62.0,80.0
212,628,2750,3416.25,5000,350.0,741.875,1515.0
213,639,3500,19631.666666666668,28000,300.0,628.8333333333334,1039.0
213,714,4790,5696.666666666667,6150,540.0,638.3333333333334,835.0
213,727,5390,13208.75,23000,385.0,608.25,1135.0
214,628,1100,1519.6969696969697,1800,120.0,143.63636363636363,170.0
227,53,2890,6525.0,12300,432.0,1552.1666666666667,2670.0
227,102,600,725.0,950,60.0,88.33333333333333,100.0
227,173,1900,8058.5,16000,356.0,805.95,1676.0
227,189,2000,2045.0,2090,845.0,1147.5,1450.0
227,191,1400,4737.777777777777,8300,224.0,576.4444444444445,2180.0
227,200,1380,2673.75,5890,200.0,364.0625,840.0
227,467,4390,17629.354838709678,30300,239.0,658.0967741935484,1470.0
227,485,1100,1550.1336073997945,6000,100.0,177.73484069886948,1560.0
227,560,2050,2475.0,2900,150.0,150.0,150.0
227,580,1990,6311.171875,15800,370.0,789.3828125,2040.0
227,628,1100,2485.9349593495936,5700,157.0,270.8048780487805,870.0
227,638,2400,3075.75,4490,600.0,1010.875,2040.0
227,2181,1800,2341.818181818182,3000,180.0,201.45454545454547,260.0
239,126,2690,5311.25,6500,500.0,677.5,1460.0
239,453,300,1198.3333333333333,3590,40.0,297.5,1330.0
239,580,6100,8585.714285714286,12600,487.0,568.5714285714286,882.0
239,628,1200,1433.3333333333333,1800,100.0,123.33333333333333,150.0
264,5770,500,1046.25,1800,60.0,354.875,1117.0
272,227,3390,3540.0,3690,715.0,792.5,870.0
272,628,3980,7845.0,13500,167.0,349.4166666666667,737.0
272,694,2300,5000.0,8500,350.0,719.0,1430.0
277,504,4000,4758.888888888889,5780,1030.0,1614.4444444444443,3035.0
277,714,3000,6873.125,11810,362.0,952.25,1615.0
277,809,1100,1260.0,1400,140.0,166.0,190.0
277,1088,3000,3276.923076923077,3790,400.0,921.5384615384615,1920.0
279,580,600,894.0,1340,50.0,93.0,166.0
279,628,5900,6833.333333333333,8250,550.0,606.6666666666666,820.0
279,694,13690,13690.0,13690,1279.0,1279.0,1279.0
279,777,5050,5434.0,5960,253.0,601.2,1223.0
300,6576,2400,2400.0,2400,210.0,210.0,210.0
317,21,3200,8940.714285714286,13080,322.0,510.7142857142857,970.0
317,23,6890,18172.14285714286,24300,446.0,784.4285714285714,1310.0
317,28,3000,6761.111111111111,12180,304.0,894.3611111111111,2245.0
317,126,4650,6139.523809523809,9310,430.0,868.8095238095239,2185.0
317,152,3500,13371.578947368422,17900,290.0,809.7894736842105,2505.0
317,173,1500,4963.428571428572,11810,280.0,771.3571428571429,1675.0
317,554,1700,5636.7307692307695,10080,271.0,438.50961538461536,660.0
317,580,2100,3471.5384615384614,8810,310.0,489.46153846153845,610.0
317,628,1990,5909.036918138042,15980,201.0,432.9887640449438,2155.0
317,697,3800,10031.714285714286,17650,356.0,911.5428571428571,2035.0
317,732,850,2348.8888888888887,3920,100.0,304.8095238095238,1231.0
317,840,1800,3104.8571428571427,4890,180.0,526.8571428571429,1405.0
317,845,3950,5446.0,7610,286.0,315.6,340.0
317,1411,500,1506.6666666666667,2900,50.0,184.16666666666666,325.0
317,6135,6990,10540.0,12490,306.0,318.5,366.0
317,7250,1450,2123.913043478261,2650,180.0,204.34782608695653,240.0
317,8494,4750,10280.0,13360,410.0,950.6666666666666,1449.0
328,126,3180,10444.347826086956,26400,334.0,836.8260869565217,1903.0
328,628,1490,4764.545454545455,7950,166.0,353.90909090909093,1625.0
336,200,5500,5737.5,6090,1155.0,1407.5,1640.0
367,467,8600,8600.0,8600,690.0,690.0,690.0
367,504,600,712.5,850,90.0,92.5,100.0
367,7882,4150,4275.0,4400,410.0,430.0,450.0
386,809,500,2566.6666666666665,6900,60.0,85.93333333333334,155.0
390,437,2880,4441.666666666667,6340,600.0,795.8333333333334,1420.0
411,485,7190,7190.0,7190,1675.0,1675.0,1675.0
424,11,1600,4033.478260869565,6600,480.0,1327.391304347826,2345.0
424,126,980,1427.8832116788321,3490,100.0,203.57664233576642,1440.0
424,186,6890,7495.0,8190,1120.0,1370.0,1970.0
424,453,3190,5470.0,11800,390.0,568.875,865.0
424,628,1550,5157.657142857143,13810,199.0,420.92,1865.0
424,697,1200,1445.0,1690,265.0,342.5,420.0
424,6908,8700,8766.666666666666,8900,825.0,886.6666666666666,930.0
424,7134,1900,5523.0,17200,280.0,853.5,2500.0
428,99,3800,4692.5,5490,915.0,1523.75,2345.0
428,485,1450,1690.4761904761904,2300,140.0,164.76190476190476,210.0
428,1061,3700,5007.0,6250,340.0,530.5,885.0
428,9141,3100,4200.0,5250,260.0,342.77777777777777,490.0
429,28,500,810.0,2690,60.0,133.33333333333334,560.0
429,317,4090,4587.5,5480,765.0,1435.0,2120.0
429,562,950,1625.7142857142858,2590,120.0,825.7142857142857,1845.0
434,126,3190,7487.777777777777,11900,325.0,527.5185185185185,830.0
434,467,3800,11971.785714285714,27140,268.0,668.6071428571429,1351.0
434,546,2700,2766.6666666666665,2800,735.0,1415.0,2175.0
434,628,1000,1592.5,2950,120.0,179.19354838709677,970.0
434,1061,1980,2747.5,8950,439.0,546.5833333333334,615.0
438,46,1500,4886.086956521739,8100,167.0,438.17391304347825,1640.0
438,504,2290,5102.857142857143,13540,394.0,779.1428571428571,960.0
438,562,1000,1344.1176470588234,1550,110.0,145.0,365.0
438,628,950,1559.9476439790576,2300,100.0,139.3717277486911,260.0
438,714,1000,2300.0,4840,120.0,281.1875,460.0
440,109,3790,3790.0,3790,1435.0,1435.0,1435.0
440,777,10200,12120.0,14200,362.0,473.6,542.0
440,825,4800,13182.941176470587,20600,451.0,1031.235294117647,2437.0
440,1885,4690,4690.0,4690,985.0,985.0,985.0
446,467,3480,4535.0,5490,665.0,960.8333333333334,1270.0
451,57,5600,8383.333333333334,19600,451.0,593.4444444444445,880.0
451,99,2300,3411.5384615384614,5900,360.0,429.9145299145299,620.0
451,453,1200,1886.1904761904761,5660,110.0,146.61904761904762,415.0
451,467,3200,21768.823529411766,33900,176.0,454.3529411764706,1378.0
451,580,7190,15533.846153846154,26300,547.0,1430.6923076923076,2220.0
451,628,1900,6745.64705882353,17000,193.0,455.63529411764705,1672.0
451,673,2400,3398.0,4400,725.0,1249.0,1640.0
451,697,2500,2794.4444444444443,3190,635.0,935.0,1950.0
451,848,2790,8123.1578947368425,16500,257.0,608.8947368421053,1875.0
451,940,2500,4473.846153846154,6590,330.0,595.3846153846154,1110.0
451,1918,7200,9985.882352941177,15000,1020.0,2216.176470588235,3460.0
453,11,4400,11327.5,17400,307.0,759.125,2240.0
453,23,1800,2454.4736842105262,3780,160.0,449.2105263157895,2010.0
453,28,1900,3149.090909090909,4150,340.0,579.3181818181819,1565.0
453,33,2590,8515.555555555555,18900,347.0,588.6222222222223,1615.0
453,57,3100,7705.454545454545,15220,345.0,646.0,920.0
453,139,5400,6223.333333333333,6880,1335.0,1630.0,2095.0
453,446,1000,1982.7586206896551,2990,110.0,595.1724137931035,2005.0
453,451,1550,4175.5,4960,142.0,254.9,1285.0
453,467,3500,3500.0,3500,280.0,280.0,280.0
453,471,2390,2969.0,3690,590.0,701.0,870.0
453,485,1900,4856.3956639566395,12350,253.0,668.3224932249323,2354.0
453,504,2290,6815.95744680851,16000,314.0,800.2553191489362,2295.0
453,535,3800,9785.0,21500,386.0,605.0333333333333,945.0
453,538,4090,12246.0,15910,472.0,854.0,1920.0
453,585,3600,4528.0,6750,570.0,891.0,1045.0
453,628,1100,1750.2234636871508,6950,85.0,160.09217877094972,380.0
453,638,4100,10432.5,15650,384.0,510.0,925.0
453,639,3600,8820.65934065934,17500,433.0,836.8791208791209,2142.0
453,732,2500,9017.543859649122,23400,247.0,617.280701754386,1955.0
453,843,6500,13254.347826086956,18700,372.0,802.9565217391304,1981.0
453,872,3390,8391.111111111111,12200,251.0,465.22222222222223,765.0
453,994,8690,8690.0,8690,2375.0,2375.0,2375.0
453,1041,2630,5580.0,7450,640.0,778.0,1000.0
453,1061,700,1010.6837606837607,2100,70.0,214.87179487179486,1845.0
453,1463,2226,2583.8333333333335,3026,450.0,484.1666666666667,515.0
453,1894,8250,8600.0,8950,700.0,745.0,790.0
453,6107,700,937.5,1100,80.0,80.0,80.0
453,7603,1200,2717.0454545454545,7850,142.0,172.4090909090909,332.0
453,8861,4000,4797.142857142857,7760,142.0,201.96428571428572,476.0
453,10719,1200,2150.0,3100,90.0,297.5,505.0
453,12166,1800,3478.0,5700,160.0,286.0,420.0
455,438,2690,3650.0,5090,520.0,795.5,1420.0
455,453,2600,3824.6666666666665,4900,350.0,564.0,745.0
455,628,1990,3377.8260869565215,5720,210.0,449.4782608695652,1606.0
455,694,1800,4636.666666666667,10800,311.0,623.5555555555555,1265.0
455,845,1450,2217.5,3900,170.0,320.7894736842105,2010.0
455,2181,2700,3140.0,3400,815.0,844.0,915.0
455,9077,3500,6293.148148148148,13300,350.0,599.5555555555555,1472.0
462,798,2450,2450.0,2450,956.0,956.0,956.0
467,126,21250,30561.764705882353,38550,385.0,494.6470588235294,1354.0
467,134,3300,10359.583333333334,20930,386.0,793.9166666666666,1651.0
467,434,11150,15030.0,20890,384.0,532.5,1035.0
467,451,3450,8986.931034482759,32250,303.0,694.2413793103449,2210.0
467,453,2500,2993.75,3700,200.0,238.75,280.0
467,485,2990,19190.0,30650,362.0,670.6774193548387,1335.0
467,504,4400,22351.515151515152,37550,454.0,901.7575757575758,1920.0
467,628,3350,10503.421052631578,16950,217.0,360.4526315789474,2351.0
467,843,4800,16928.125,30850,487.0,1055.3125,1985.0
467,1061,2700,17490.151515151516,31850,226.0,457.45454545454544,1901.0
467,1933,1516,2639.88,4950,330.0,728.44,1450.0
467,11144,1288,1830.5846153846153,2130,88.0,153.8846153846154,593.0
471,809,3490,3786.0,4390,850.0,966.0,1195.0
472,562,1000,1266.6666666666667,1600,340.0,623.3333333333334,950.0
472,727,1190,2256.25,3200,325.0,743.75,1925.0
483,451,700,7590.967741935484,25100,70.0,331.0967741935484,792.0
483,638,4600,11564.444444444445,17970,497.0,911.6666666666666,1605.0
485,11,1400,3407.215189873418,9550,101.0,222.08860759493672,780.0
485,23,4290,4290.0,4290,895.0,895.0,895.0
485,28,2200,3747.2727272727275,4750,360.0,720.0,1935.0
485,30,4980,4980.0,4980,755.0,782.5,810.0
485,54,1700,2415.6666666666665,3590,190.0,521.5,1180.0
485,57,850,1668.2894736842106,3000,120.0,254.14473684210526,1340.0
485,76,4150,4664.285714285715,4900,380.0,623.5714285714286,1855.0
485,89,2090,2493.3333333333335,2990,190.0,374.5833333333333,1040.0
485,99,4700,6116.190476190476,9790,1160.0,1462.142857142857,2250.0
485,102,1550,1910.0,2150,150.0,166.0,190.0
485,109,2150,10298.701298701299,27150,390.0,605.0519480519481,2086.0
485,126,3400,5944.0,15590,340.0,630.1,1611.0
485,152,1690,5567.307692307692,9510,220.0,848.6923076923077,1880.0
485,168,2390,4120.416666666667,12690,297.0,765.7083333333334,1695.0
485,173,1500,3173.0555555555557,5880,240.0,506.18055555555554,1685.0
485,188,1550,1550.0,1550,120.0,142.5,170.0
485,192,1990,3034.1176470588234,4090,980.0,1550.5882352941176,2190.0
485,200,950,1575.079365079365,4320,100.0,178.43650793650792,1560.0
485,227,950,1971.2723658051689,3780,110.0,164.52683896620277,1049.0
485,279,2500,5368.636363636364,10180,215.0,434.6818181818182,1467.0
485,317,700,890.5555555555555,1580,60.0,185.27777777777777,1430.0
485,401,17020,18416.0,22030,795.0,964.2,1099.0
485,411,7490,8023.333333333333,8890,1465.0,1965.0,2215.0
485,424,3790,6035.833333333333,11570,450.0,1088.25,2210.0
485,428,1450,2558.3333333333335,3800,160.0,424.1666666666667,825.0
485,453,1790,3735.858064516129,14400,370.0,684.4219354838709,2215.0
485,467,3790,18991.48148148148,33300,242.0,505.85185185185185,1115.0
485,504,1600,2995.2631578947367,7150,119.0,288.0877192982456,1065.0
485,528,2680,4867.419354838709,9310,290.0,419.19354838709677,600.0
485,534,2590,4086.0,5410,230.0,477.0,800.0
485,538,7490,9050.0,10710,789.0,1069.5,1569.0
485,542,1100,2340.6666666666665,3490,180.0,436.3333333333333,2540.0
485,560,1800,2200.0,3000,240.0,622.0,955.0
485,562,3000,5571.25,12240,390.0,698.625,2070.0
485,580,1700,3322.3333333333335,4400,260.0,435.5,1665.0
485,585,1600,3550.9523809523807,6150,115.0,207.38095238095238,365.0
485,628,1550,4540.981266726138,16150,129.0,364.53196550698783,2493.0
485,630,2690,3385.0,3880,625.0,842.0,1245.0
485,635,2350,4222.5,5900,450.0,587.5,675.0
485,705,4890,4890.0,4890,1190.0,1217.5,1245.0
485,709,2400,3997.777777777778,4680,1005.0,1281.6666666666667,1840.0
485,814,3380,8714.285714285714,15800,331.0,1035.357142857143,1951.0
485,825,3400,5525.0,7700,425.0,535.0,685.0
485,840,1990,4314.166666666667,6190,320.0,462.0833333333333,830.0
485,845,2000,3815.689655172414,4750,310.0,384.05172413793105,1490.0
485,857,2100,3235.3846153846152,7020,210.0,361.6923076923077,1520.0
485,868,6750,6925.0,7100,520.0,555.0,590.0
485,940,3000,3350.0,3700,270.0,280.0,290.0
485,1061,2990,7531.470588235294,16450,390.0,649.1176470588235,1640.0
485,1088,1390,1897.5,2400,210.0,512.5,1000.0
485,1918,12890,12890.0,12890,1860.0,1860.0,1860.0
485,2023,8842,10457.5,11977,1180.0,1466.25,2085.0
485,2621,7650,7650.0,7650,680.0,680.0,680.0
485,5121,2300,3390.5128205128203,4240,250.0,495.38461538461536,1140.0
485,5448,700,1370.0,2400,60.0,345.0,1400.0
485,5745,300,868.8372093023256,910,40.0,58.93023255813954,73.0
485,5866,400,655.2631578947369,2150,50.0,74.21052631578948,180.0
485,7507,8900,8900.0,8900,1245.0,1245.0,1245.0
485,9262,600,600.0,600,60.0,65.0,70.0
485,9387,8850,11280.0,12090,710.0,1212.5,1380.0
488,1061,3500,5008.421052631579,6690,450.0,968.421052631579,2365.0
504,6,1200,4638.75,7600,389.0,521.875,750.0
504,21,3600,9524.666666666666,15520,449.0,897.2666666666667,1745.0
504,28,3180,4292.5,5480,830.0,1466.25,2440.0
504,30,2400,7460.0,10500,445.0,694.875,1185.0
504,33,2650,2700.0,2750,310.0,310.0,310.0
504,57,600,1150.967741935484,2200,60.0,437.741935483871,1230.0
504,76,2590,3570.0,4750,320.0,543.125,1725.0
504,171,4800,13250.0,18200,360.0,499.1,1050.0
504,173,1300,2739.767441860465,4600,100.0,251.90697674418604,969.0
504,185,1180,2168.5714285714284,3600,280.0,690.7142857142857,1310.0
504,189,4000,10661.111111111111,16050,774.0,1307.0,1783.0
504,200,2750,4095.8823529411766,6710,290.0,535.2352941176471,1695.0
504,204,2700,6223.571428571428,15150,372.0,994.9285714285714,1775.0
504,277,4690,5150.0,5780,970.0,1168.3333333333333,1505.0
504,279,1100,1822.2222222222222,3990,90.0,461.6666666666667,2020.0
504,453,3000,4938.75,7450,590.0,1004.375,1975.0
504,455,3390,6414.528301886792,9000,420.0,652.2452830188679,1361.0
504,485,1400,2352.5280898876404,7100,122.0,231.87078651685394,1205.0
504,524,1880,4923.125,6850,420.0,645.78125,2035.0
504,530,1550,1550.0,1550,340.0,340.0,340.0
504,542,1300,1630.0,2100,120.0,556.0,1530.0
504,554,2400,6087.727272727273,12800,311.0,701.3636363636364,1730.0
504,580,1000,1390.0,2290,120.0,333.19444444444446,1145.0
504,585,1200,2038.0,2900,230.0,315.0,380.0
504,628,1400,7177.3267326732675,16700,220.0,629.1287128712871,2559.0
504,635,3600,5537.619047619048,9620,330.0,486.4761904761905,1230.0
504,657,3790,5083.333333333333,6280,1035.0,1406.6666666666667,1660.0
504,673,4690,6504.285714285715,8480,1405.0,1808.5714285714287,2285.0
504,697,7900,10686.666666666666,16160,640.0,772.6666666666666,1038.0
504,709,3490,4772.173913043478,5690,955.0,1336.9565217391305,2395.0
504,809,4090,4245.0,4400,930.0,1378.75,1855.0
504,845,1600,2796.603773584906,3500,230.0,377.8301886792453,1495.0
504,847,4090,5695.0,7300,710.0,875.0,1040.0
504,848,4790,5335.0,6180,720.0,815.0,875.0
504,1088,2400,3754.782608695652,8480,230.0,295.95652173913044,421.0
504,2181,5900,5900.0,5900,880.0,880.0,880.0
504,3973,1550,3160.0,4060,190.0,250.66666666666666,392.0
504,5467,2400,2800.0,3230,147.0,380.1,1208.0
504,5502,7450,18560.0,30200,490.0,676.4,1030.0
504,5520,3100,4370.0,5640,240.0,499.0,758.0
504,5782,5800,6487.5,7300,470.0,557.5,750.0
504,5798,4400,6573.0,8800,580.0,1206.5,1485.0
504,6025,3000,4890.0,6090,210.0,255.5,337.0
504,6031,5070,6570.0,7770,331.0,365.0,396.0
504,7138,6750,6750.0,6750,710.0,710.0,710.0
504,7507,8500,8500.0,8500,1150.0,1150.0,1150.0
504,10165,3230,3490.0,3670,183.0,222.875,360.0
524,28,2990,6070.0,14000,227.0,467.35714285714283,745.0
524,277,1700,4321.0,6370,180.0,431.0,860.0
524,628,1890,2348.3333333333335,3350,190.0,522.0833333333334,970.0
524,843,3790,10387.333333333334,19900,470.0,855.6666666666666,1915.0
524,1061,1800,2447.714285714286,6490,160.0,386.57142857142856,1335.0
528,295,850,1117.142857142857,1780,90.0,171.66666666666666,1195.0
528,504,2590,4661.428571428572,9880,430.0,980.7142857142857,2470.0
531,200,4380,5155.0,5580,990.0,1330.0,1820.0
534,809,2600,8545.833333333334,16050,230.0,378.75,670.0
535,872,2990,6660.7692307692305,8700,252.0,932.5384615384615,2685.0
535,7168,4000,5106.666666666667,5990,955.0,1414.1666666666667,1765.0
536,628,2090,2620.0,3080,800.0,851.6666666666666,900.0
538,453,4690,12418.333333333334,20210,385.0,860.0,1623.0
538,542,2750,7107.0,9410,320.0,453.5,718.0
539,76,2790,2790.0,2790,1230.0,1230.0,1230.0
539,317,950,1360.0,2400,100.0,194.5,490.0
539,611,3800,3975.0,4150,400.0,405.0,410.0
541,809,3350,3350.0,3350,440.0,440.0,440.0
542,28,5090,7342.5,14100,447.0,674.25,750.0
542,197,3400,5158.666666666667,6150,480.0,863.3333333333334,1885.0
542,317,1050,2116.6666666666665,2400,180.0,230.33333333333334,385.0
542,440,3790,7930.277777777777,14100,335.0,833.6944444444445,1795.0
542,485,1900,4168.648648648648,7050,119.0,321.13513513513516,1236.0
542,530,600,988.6666666666666,3440,70.0,99.68333333333334,365.0
542,556,5790,5790.0,5790,1700.0,1700.0,1700.0
542,562,2790,3962.0,5990,755.0,1149.5,1705.0
542,628,2700,7492.8125,12410,227.0,525.25,2110.0
542,630,3020,4030.769230769231,7090,700.0,1173.8461538461538,1740.0
542,697,3000,5833.0,15810,440.0,1248.7666666666667,1965.0
542,732,2150,5582.285714285715,7670,167.0,342.4,1569.0
542,845,1200,1934.6218487394958,4550,120.0,171.51260504201682,520.0
542,872,950,1543.2692307692307,2150,110.0,156.53846153846155,1105.0
542,1061,4400,5733.75,7450,470.0,882.5,1095.0
542,2181,4750,5337.5,5600,440.0,495.0,550.0
542,5461,1200,1618.75,2400,150.0,188.75,250.0
542,7507,4800,5130.0,8300,1130.0,18343.75,21600.0
542,7689,850,2295.0,2720,90.0,142.58333333333334,308.0
546,562,1400,1766.6666666666667,2200,515.0,793.3333333333334,1185.0
548,628,2300,4037.1428571428573,7470,183.0,586.5714285714286,1819.0
554,485,1400,3316.274509803922,8860,174.0,291.09150326797385,885.0
554,504,3900,4145.0,4490,1475.0,1510.0,1555.0
554,628,2300,3615.8333333333335,6490,280.0,654.375,2945.0
554,814,1000,4359.090909090909,7020,168.0,279.8181818181818,515.0
554,5121,600,1597.7777777777778,2300,60.0,450.55555555555554,1175.0
556,628,2890,9460.0,18200,378.0,1005.2105263157895,2252.0
557,212,1400,2331.1111111111113,3100,280.0,636.6666666666666,1285.0
557,580,8190,8190.0,8190,1580.0,1580.0,1580.0
557,714,3400,4670.0,5940,430.0,602.5,775.0
560,21,3350,7306.0,9980,248.0,325.0,661.0
560,76,4400,4647.5,5000,991.0,1065.25,1195.0
560,99,4480,5395.0,6740,895.0,1887.5,2890.0
560,453,2490,3334.0,6760,250.0,319.8,625.0
560,562,3000,9066.77966101695,16500,279.0,759.2203389830509,1735.0
560,580,3400,4965.454545454545,7100,530.0,834.8181818181819,1150.0
560,628,1400,2289.607843137255,5280,210.0,363.4117647058824,1825.0
560,726,700,1187.5,2100,80.0,537.5,1135.0
562,23,3290,5518.333333333333,14000,519.0,869.9166666666666,1015.0
562,28,500,624.3589743589744,850,50.0,67.17948717948718,110.0
562,99,5790,5790.0,5790,1305.0,1305.0,1305.0
562,126,1290,2596.796875,3640,200.0,251.015625,1235.0
562,453,4550,5285.454545454545,10140,370.0,422.72727272727275,460.0
562,472,1000,1270.2597402597403,1990,100.0,471.8831168831169,1490.0
562,485,2900,3891.1111111111113,5350,420.0,1147.2222222222222,2130.0
562,504,1980,8037.307692307692,18450,408.0,1108.2615384615385,2319.0
562,534,2200,6456.666666666667,10850,253.0,527.75,1465.0
562,542,2800,4402.5,6850,500.0,1102.9166666666667,2105.0
562,546,1400,1914.2857142857142,2500,360.0,1087.857142857143,1920.0
562,580,4100,11177.142857142857,22900,610.0,1042.0,1895.0
562,628,1600,3427.953629032258,9500,164.0,344.74395161290323,2406.0
562,697,500,735.6026058631921,1590,60.0,104.73941368078177,1780.0
562,809,2690,3205.5555555555557,3690,720.0,939.4444444444445,1345.0
562,843,4200,4826.666666666667,5490,965.0,1345.0,2000.0
562,845,4150,5012.222222222223,7540,350.0,451.44444444444446,695.0
562,857,2000,2132.222222222222,2400,475.0,730.0,1260.0
562,868,3090,4674.285714285715,7400,795.0,1134.2857142857142,2095.0
562,876,850,2110.769230769231,2550,88.0,177.92307692307693,860.0
562,1061,4650,11412.941176470587,16420,302.0,356.7647058823529,488.0
562,1477,7114,7437.0,7760,930.0,959.5,989.0
562,1581,2500,2725.0,2900,240.0,272.5,310.0
562,7382,3800,4333.333333333333,4650,420.0,433.3333333333333,440.0
562,8937,8700,8700.0,8700,1045.0,1045.0,1045.0
562,9166,6650,6650.0,6650,383.0,383.0,383.0
562,9251,950,1072.2222222222222,1200,100.0,115.55555555555556,120.0
562,11185,2400,2942.3529411764707,3600,210.0,247.2941176470588,480.0
565,628,5350,9101.111111111111,15840,281.0,407.72222222222223,650.0
565,635,2150,4554.545454545455,6120,200.0,288.1818181818182,384.0
565,845,700,1160.3191489361702,2790,80.0,131.75531914893617,1525.0
565,1918,9700,10938.57142857143,11600,1900.0,10195.0,21180.0
565,5467,1300,2493.3333333333335,3210,130.0,486.0,701.0
565,5548,600,600.0,600,70.0,70.0,70.0
565,6031,3470,4020.0,4270,173.0,272.14285714285717,613.0
565,8977,9850,9850.0,9850,620.0,620.0,620.0
579,485,1100,3919.4117647058824,6180,170.0,539.6176470588235,1451.0
579,628,1600,2405.5172413793102,4080,150.0,375.6896551724138,2068.0
579,7507,5390,7135.0,8880,1205.0,1267.5,1330.0
580,11,950,1301.923076923077,2150,90.0,118.46153846153847,170.0
580,116,4690,4720.0,4780,2020.0,2045.0,2065.0
580,204,5080,8942.0,15200,539.0,1172.7,1715.0
580,227,2180,2610.0,3400,690.0,720.0,765.0
580,485,1800,3348.315789473684,4390,250.0,480.7894736842105,1710.0
580,504,1200,1582.608695652174,2050,110.0,144.34782608695653,170.0
580,528,2180,10114.444444444445,16500,220.0,1121.2222222222222,1855.0
580,530,2200,2463.3333333333335,2600,555.0,698.3333333333334,920.0
580,534,6770,7320.0,7870,1645.0,1852.5,2060.0
580,541,8760,11512.222222222223,13780,596.0,699.1111111111111,836.0
580,585,1250,2077.9411764705883,3100,160.0,282.3529411764706,1915.0
580,628,2390,9320.247191011236,19720,349.0,672.1303370786517,2743.0
580,639,3080,4281.428571428572,5080,485.0,2411.4285714285716,10960.0
580,657,5690,6086.666666666667,6580,1485.0,1598.3333333333333,1670.0
580,685,5800,6460.0,6890,1490.0,1862.5,2620.0
580,697,6090,16703.333333333332,27000,590.0,1393.0,2065.0
580,876,5490,10437.142857142857,14800,563.0,887.1428571428571,1385.0
580,1041,6480,6480.0,6480,1450.0,1450.0,1450.0
580,1061,6480,8945.0,11480,710.0,1526.6666666666667,2825.0
580,1431,850,1003.8461538461538,1100,80.0,104.61538461538461,140.0
580,5866,2190,5956.666666666667,9650,349.0,517.8888888888889,720.0
580,6216,6600,8555.714285714286,14480,455.0,712.952380952381,2256.0
580,8342,490,788.9473684210526,900,57.0,111.57894736842105,642.0
585,11,500,1619.7435897435898,3220,60.0,185.10256410256412,945.0
585,317,1800,3976.4285714285716,5710,117.0,251.64285714285714,1450.0
585,453,2500,8638.636363636364,17200,295.0,662.3181818181819,1705.0
585,504,700,2523.157894736842,4510,90.0,445.42105263157896,1710.0
585,611,3400,3400.0,3400,925.0,925.0,925.0
585,628,5150,7985.31914893617,12100,224.0,418.8723404255319,914.0
585,697,3700,3800.0,3900,1210.0,1210.0,1210.0
585,2070,4850,6139.090909090909,7100,510.0,793.6363636363636,1235.0
585,2621,8100,8246.666666666666,8350,1235.0,1301.6666666666667,1405.0
587,23,4790,17990.0,22500,430.0,523.3333333333334,840.0
587,227,3480,4054.0,4750,360.0,868.0,1430.0
587,488,4490,4490.0,4490,1505.0,1505.0,1505.0
587,628,2000,5483.004926108374,13900,130.0,517.9408866995074,2237.0
587,5822,1800,2792.0,4080,147.0,209.0,249.0
611,239,1700,3306.153846153846,5410,182.0,526.1538461538462,1524.0
611,317,3190,3936.6666666666665,4890,340.0,1066.111111111111,1915.0
611,485,2000,3604.237288135593,6090,280.0,848.3898305084746,2010.0
611,504,3600,3845.0,4090,760.0,912.5,1065.0
611,542,1450,6922.0,13500,370.0,1191.6,1917.0
611,585,3400,4800.0,9920,390.0,1205.0,2570.0
611,628,500,1100.6586826347304,4390,80.0,174.10778443113773,2250.0
611,635,4900,5340.0,6000,500.0,520.6,603.0
611,809,2600,3794.285714285714,6100,505.0,662.1428571428571,1010.0
611,840,3400,6224.285714285715,10560,520.0,1055.952380952381,2290.0
611,848,600,983.4224598930481,1950,70.0,131.86096256684493,1750.0
611,1483,7300,7300.0,7300,1425.0,1425.0,1425.0
611,1918,6400,7230.0,8200,1480.0,1920.0,2540.0
611,7661,4050,10373.0,12720,310.0,470.7,720.0
611,8626,3090,4730.909090909091,5990,221.0,1008.4545454545455,2133.0
611,8810,3000,3488.125,4110,178.0,201.4375,242.0
619,628,1200,1834.4827586206898,2400,150.0,181.0344827586207,330.0
628,1,2390,8055.625,13800,223.0,516.6875,942.0
628,6,2190,3687.777777777778,6910,420.0,604.0,765.0
628,11,2390,6522.765957446809,19000,203.0,755.7872340425532,1805.0
628,23,2300,9030.977995110024,22400,221.0,463.39364303178485,2200.0
628,28,1400,2794.7368421052633,7200,120.0,263.93859649122805,1830.0
628,30,1800,4785.714285714285,8900,138.0,307.25,710.0
628,33,2190,5084.285714285715,11360,220.0,493.247619047619,1960.0
628,35,3890,4732.5,5680,835.0,1150.0,1465.0
628,37,1200,2446.6071428571427,4000,190.0,478.57142857142856,1760.0
628,46,1200,2714.3333333333335,6700,82.0,156.76666666666668,265.0
628,57,3000,8035.412844036698,17600,243.0,536.0,2360.0
628,76,3800,5594.0,8850,620.0,1133.25,2020.0
628,85,2390,6612.35294117647,14400,267.0,565.5686274509804,1135.0
628,94,1700,1725.0,1800,150.0,157.5,160.0
628,99,3800,5251.410256410257,8000,650.0,1310.0641025641025,3155.0
628,100,3500,3807.1428571428573,4150,280.0,338.57142857142856,430.0
628,102,2090,5394.520547945205,10500,162.0,354.6232876712329,1517.0
628,109,2380,6168.266666666666,14690,281.0,989.8266666666667,10045.0
628,122,1940,5492.608695652174,9180,213.0,1799.5652173913043,11235.0
628,126,1790,4603.759336099585,10950,152.0,416.11535269709543,2420.0
628,132,1900,2125.0,2400,160.0,185.0,210.0
628,134,1100,2612.4,4090,120.0,361.18,1600.0
628,136,3600,5386.666666666667,9530,337.0,405.38461538461536,490.0
628,143,5880,6115.0,6350,945.0,1130.0,1230.0
628,144,3600,3600.0,3600,1350.0,1370.0,1390.0
628,148,2400,2400.0,2400,1585.0,1585.0,1585.0
628,151,6680,8125.0,9570,1925.0,1962.5,2000.0
628,152,1800,3166.0,4750,290.0,603.3333333333334,1460.0
628,158,1200,1983.6363636363637,3280,180.0,481.3636363636364,1620.0
628,163,7490,9236.0,12790,1425.0,1852.0,2925.0
628,168,1000,1775.618556701031,3650,140.0,267.02061855670104,1685.0
628,173,2600,9368.095238095239,21800,369.0,984.968253968254,1985.0
628,184,1100,2711.3414634146343,6800,120.0,166.26829268292684,305.0
628,186,1600,4735.928571428572,11610,207.0,410.3357142857143,860.0
628,189,1400,3042.222222222222,6040,122.0,287.72222222222223,1565.0
628,191,600,730.0,950,60.0,114.0,200.0
628,192,1200,2134.259259259259,4320,140.0,310.4074074074074,1176.0
628,193,2300,4306.09756097561,7110,127.0,286.9512195121951,1184.0
628,197,1700,4565.350877192983,11870,141.0,532.8508771929825,9880.0
628,200,1700,3474.0714285714284,6890,220.0,459.8,1750.0
628,204,2050,3873.529411764706,4900,310.0,373.52941176470586,500.0
628,213,4050,9275.29411764706,13700,256.0,992.7058823529412,10440.0
628,214,1200,1507.9545454545455,1800,120.0,151.8181818181818,290.0
628,223,3350,3964.285714285714,4750,310.0,352.85714285714283,390.0
628,227,1390,2635.321100917431,5500,170.0,264.4036697247706,1165.0
628,238,2400,2730.0,3190,570.0,990.0,1520.0
628,246,2150,3687.5,13800,170.0,201.25,210.0
628,261,2400,2726.6666666666665,2890,615.0,698.3333333333334,785.0
628,267,7890,9386.666666666666,11780,770.0,1290.4166666666667,1780.0
628,272,3500,7373.75,8770,166.0,176.5,250.0
628,277,2490,7312.142857142857,13700,360.0,994.2142857142857,2272.0
628,290,5800,5850.0,5900,1325.0,1692.5,2060.0
628,317,1990,4678.644859813084,11980,209.0,452.52803738317755,1895.0
628,336,5390,7060.0,8940,590.0,871.6666666666666,1035.0
628,348,4400,8663.5,14700,315.0,511.35,1263.0
628,367,5800,6275.0,6750,490.0,545.0,600.0
628,401,2100,3024.6153846153848,3950,310.0,745.3846153846154,2200.0
628,411,5100,5250.0,5400,1335.0,1645.0,1975.0
628,424,1800,3407.7456647398844,9900,250.0,567.5260115606936,1765.0
628,428,3600,3933.3333333333335,4150,330.0,343.3333333333333,360.0
628,429,1700,4778.148148148148,10250,117.0,199.92592592592592,400.0
628,434,1000,1650.8333333333333,3750,110.0,246.83333333333334,1150.0
628,437,5580,6730.0,7880,1105.0,1120.0,1135.0
628,438,850,1589.236111111111,6850,100.0,151.35416666666666,470.0
628,446,1100,1780.0,2650,140.0,306.8888888888889,1920.0
628,451,2300,2960.0,3390,210.0,478.125,1355.0
628,453,1000,2031.2560699255423,13450,68.0,218.36273875040467,2240.0
628,455,1700,4000.5298013245033,10290,210.0,373.42384105960264,1660.0
628,459,5480,6182.0,7280,1170.0,1400.0,1685.0
628,462,5900,7023.333333333333,8980,1250.0,1348.3333333333333,1400.0
628,467,3500,8934.314516129032,26340,239.0,583.1129032258065,2132.0
628,471,1490,4560.0,8600,247.0,581.7,1146.0
628,472,1700,4343.75,9050,225.0,870.625,1545.0
628,483,2000,2772.4691358024693,8830,177.0,573.4320987654321,1890.0
628,485,1550,4104.538367844092,7740,180.0,340.7573690621194,1711.0
628,488,2750,5494.444444444444,9950,224.0,464.72222222222223,1449.0
628,503,4750,5712.5,6500,480.0,510.0,570.0
628,504,2000,8380.044543429844,20400,205.0,504.88975501113583,1845.0
628,511,4090,4618.0,5300,350.0,916.0,1910.0
628,517,4750,9360.0,13660,372.0,594.3571428571429,1752.0
628,524,1400,2823.407079646018,9600,173.0,337.5486725663717,1645.0
628,528,3800,8026.666666666667,14750,510.0,1123.0,2281.0
628,535,2600,4701.521739130435,8860,370.0,659.804347826087,1827.0
628,541,2400,3667.2,5770,190.0,428.84,1973.0
628,542,1850,4996.402116402116,6890,430.0,728.3862433862433,1975.0
628,544,1890,2298.75,3250,240.0,983.75,1490.0
628,546,2490,6963.529411764706,12500,201.0,549.1764705882352,1465.0
628,548,2050,2973.5714285714284,5100,180.0,679.0714285714286,1558.0
628,554,2900,7352.105263157895,13590,169.0,594.3684210526316,2907.0
628,556,2900,9147.5,18700,341.0,900.25,2348.0
628,560,1550,3656.6666666666665,8550,151.0,342.27777777777777,530.0
628,562,1200,3678.3855225701504,11120,136.0,299.3200488003253,2424.0
628,580,2390,7054.689378757515,19600,399.0,954.0180360721442,2442.0
628,585,2240,5376.117647058823,10250,380.0,807.2941176470588,10380.0
628,587,1800,4387.428571428572,9080,151.0,519.7673469387755,1735.0
628,611,400,984.2519685039371,5000,20.0,108.03937007874016,1720.0
628,619,1200,1769.5652173913043,2400,120.0,169.05797101449275,300.0
628,632,2400,2750.0,3100,280.0,320.0,390.0
628,635,2400,7641.599229287091,14700,291.0,546.6570327552987,1440.0
628,639,3390,4443.5,6750,500.0,878.75,1220.0
628,657,1600,2509.3548387096776,3350,190.0,276.61290322580646,1025.0
628,673,4600,5491.25,6980,930.0,1049.375,1095.0
628,685,2700,6146.086956521739,12200,234.0,674.0,2155.0
628,694,700,1680.0581395348838,5570,80.0,123.30813953488372,503.0
628,697,1000,2944.0987370838116,11650,123.0,270.9070034443169,1880.0
628,709,3890,8604.485981308411,11980,1275.0,1535.1401869158879,2805.0
628,712,2300,3522.2580645161293,5480,240.0,455.80645161290323,650.0
628,714,700,1089.6881959910913,2460,80.0,108.5879732739421,235.0
628,719,3350,5973.75,10900,230.0,574.5625,1753.0
628,720,700,790.0,850,90.0,90.0,90.0
628,730,1450,4196.363636363636,6180,118.0,342.45454545454544,944.0
628,737,1800,3630.0,7900,224.0,516.15,1835.0
628,753,2000,4270.740740740741,6430,125.0,702.6666666666666,2314.0
628,769,1400,3109.230769230769,5350,132.0,323.61538461538464,770.0
628,806,7890,7890.0,7890,2010.0,2010.0,2010.0
628,809,1890,6901.323529411765,13800,145.0,474.9656862745098,2029.0
628,825,3100,4884.736842105263,6490,440.0,975.1315789473684,2210.0
628,843,3800,5976.576576576576,8600,450.0,531.2612612612612,890.0
628,845,1650,5164.058252427184,13000,360.0,555.2407766990291,2087.0
628,847,1450,2667.0491803278687,8330,89.0,163.11475409836066,860.0
628,848,950,1797.9411764705883,2590,120.0,213.26470588235293,1395.0
628,851,7180,7180.0,7180,1215.0,1215.0,1215.0
628,857,850,1265.7894736842106,1700,100.0,135.78947368421052,210.0
628,872,1990,5663.563829787234,11450,164.0,494.06382978723406,1920.0
628,876,1700,2084.5945945945946,3000,280.0,778.918918918919,2330.0
628,880,3600,5837.692307692308,7990,1115.0,4003.076923076923,10155.0
628,965,11580,11580.0,11580,1595.0,1595.0,1595.0
628,994,16540,16540.0,16540,1995.0,1995.0,1995.0
628,1041,2500,6253.181818181818,13350,221.0,575.1818181818181,2005.0
628,1061,1450,3421.043165467626,11600,109.0,235.18345323741008,2270.0
628,1064,4150,8373.333333333334,13750,338.0,804.3888888888889,2155.0
628,1088,1800,4731.038961038961,9630,270.0,375.46753246753246,675.0
628,1252,4400,4726.666666666667,5290,795.0,1055.0,1515.0
628,1294,10050,10848.0,12850,1020.0,1307.0,2115.0
628,1383,3526,4605.235294117647,7917,605.0,731.7647058823529,875.0
628,1532,8580,9080.0,9580,1930.0,1977.5,2025.0
628,1894,6850,6966.666666666667,7100,570.0,573.3333333333334,580.0
628,1918,7190,8802.692307692309,13450,1100.0,2353.4615384615386,3370.0
628,2023,3738,6201.241379310345,12130,590.0,870.948275862069,2235.0
628,2087,11500,11663.333333333334,11990,1520.0,1566.6666666666667,1620.0
628,2226,13900,15650.0,17400,2815.0,2832.5,2850.0
628,2621,9000,10652.727272727272,13500,910.0,1272.2727272727273,1500.0
628,3973,5150,5325.0,5800,440.0,485.0,550.0
628,5105,600,800.0,1100,70.0,88.33333333333333,110.0
628,5115,7250,7944.0,8790,1200.0,1734.0,2090.0
628,5118,1700,4722.992700729927,7700,130.0,447.33576642335765,1800.0
628,5119,4150,5057.5,5850,460.0,567.5,650.0
628,5196,6490,8756.0,11290,1115.0,1395.5,1755.0
628,5197,6900,7045.0,7190,1495.0,1540.0,1585.0
628,5412,1550,2303.170731707317,3210,105.0,302.8536585365854,1392.0
628,5459,3600,4792.222222222223,5600,370.0,440.8888888888889,850.0
628,5502,3500,9950.0,22400,209.0,321.9047619047619,430.0
628,5691,2000,2862.5,3300,128.0,213.83333333333334,338.0
628,5938,2870,5367.368421052632,16970,151.0,360.55263157894734,586.0
628,5975,3600,5256.666666666667,8540,340.0,428.7435897435897,640.0
628,6062,4300,4300.0,4300,390.0,390.0,390.0
628,6107,1700,3991.8518518518517,8590,140.0,204.66666666666666,627.0
628,6249,500,845.0,1770,60.0,92.5,178.0
628,6313,1450,3416.6666666666665,6780,113.0,152.13333333333333,565.0
628,6334,3350,4413.888888888889,7300,330.0,402.77777777777777,680.0
628,6677,700,1442.5,1850,74.0,387.75,1089.0
628,6912,2490,4084.754098360656,6950,230.0,297.6393442622951,610.0
628,7138,700,1635.3333333333333,2920,100.0,173.06666666666666,268.0
628,7382,1550,2255.4545454545455,3530,106.0,184.54545454545453,678.0
628,7453,3400,7002.35294117647,12750,318.0,589.5294117647059,1040.0
628,7507,5690,8794.302325581395,11280,1050.0,1749.3023255813953,2475.0
628,7576,850,1249.076923076923,2840,80.0,118.87692307692308,521.0
628,7811,3600,4008.3333333333335,4650,320.0,358.3333333333333,490.0
628,8104,3250,3792.8571428571427,4900,300.0,340.0,410.0
628,8626,2900,5002.4358974358975,10100,174.0,286.93589743589746,620.0
628,8722,8390,8390.0,8390,1065.0,1087.5,1110.0
628,8752,2900,6947.619047619048,8970,173.0,235.9047619047619,357.0
628,8970,2400,4285.012285012285,7060,240.0,514.3267813267813,1850.0
628,8972,2300,2791.25,3990,450.0,808.125,1365.0
628,9251,1700,4787.272727272727,8770,133.0,245.5909090909091,450.0
628,9262,2200,5926.792452830188,15570,189.0,398.4339622641509,1148.0
628,9387,10390,10695.0,11000,1460.0,1535.0,1610.0
628,9442,2850,8052.0,11450,163.0,257.88,581.0
628,9444,4550,4900.0,5450,370.0,421.6666666666667,480.0
628,9635,3800,4417.857142857143,4900,360.0,408.57142857142856,680.0
628,10047,2100,3922.2580645161293,5890,300.0,571.2096774193549,1170.0
628,10129,1200,1723.1914893617022,3630,120.0,241.53191489361703,1626.0
628,10480,4650,5750.0,7450,440.0,510.0,570.0
628,10753,2900,4098.235294117647,7300,360.0,478.2352941176471,680.0
628,11727,8490,8797.5,9000,2280.0,4736.25,12105.0
628,11857,9700,13035.454545454546,16150,1090.0,1433.6363636363637,1980.0
635,85,600,1148.6,2590,60.0,99.06,236.0
635,565,1600,4120.0,6020,237.0,290.0,365.0
635,611,5350,5390.0,5450,410.0,434.0,470.0
635,628,3680,5676.764705882353,6600,460.0,555.8823529411765,1135.0
635,884,9690,9690.0,9690,10845.0,10845.0,10845.0
638,126,950,1123.076923076923,2400,90.0,111.92307692307692,295.0
638,197,3070,4891.111111111111,6210,460.0,1068.5555555555557,1770.0
638,227,3400,7193.762376237623,10560,477.0,1146.9405940594058,2332.0
638,483,4190,12230.0,18270,478.0,869.0833333333334,2300.0
638,485,1400,2671.4285714285716,3680,260.0,689.2857142857143,1610.0
639,76,1300,1542.1052631578948,1800,120.0,148.42105263157896,170.0
639,126,2190,3155.714285714286,3700,250.0,378.2142857142857,765.0
639,185,3100,3490.0,3880,670.0,5330.0,9990.0
639,453,3600,4714.111111111111,7880,620.0,1041.9444444444443,1465.0
639,485,2000,5861.739130434783,8920,217.0,460.0,1572.0
639,504,1250,3833.157894736842,5580,200.0,378.3157894736842,1336.0
639,611,3800,4215.0,4630,661.0,790.5,920.0
639,628,2700,5410.0,6600,480.0,1018.5714285714286,2470.0
639,714,3400,7258.461538461538,12000,429.0,718.6153846153846,1205.0
639,872,2650,5380.5,7420,199.0,238.55,317.0
639,1061,4200,11158.57142857143,17900,444.0,801.8571428571429,1245.0
639,5548,920,920.0,920,102.0,367.6666666666667,882.0
639,7168,8080,8080.0,8080,1280.0,1280.0,1280.0
639,9387,5000,5000.0,5000,460.0,460.0,460.0
639,10480,2300,2508.3333333333335,2900,80.0,176.66666666666666,210.0
649,528,1750,1960.0,2400,180.0,200.0,220.0
657,147,3270,3270.0,3270,1457.0,1457.0,1457.0
657,188,4490,4900.0,5390,940.0,1201.25,1450.0
657,628,2300,2633.3333333333335,3100,190.0,230.66666666666666,330.0
657,732,4990,9674.444444444445,17900,327.0,933.5,2355.0
657,809,2900,4980.243902439024,6980,500.0,1059.3902439024391,2625.0
657,11185,2300,2700.0,3000,200.0,230.0,320.0
673,451,2790,3767.5,5090,685.0,975.0,1160.0
673,628,4496,6818.666666666667,7980,650.0,921.6666666666666,1065.0
685,85,3600,12055.263157894737,21500,498.0,845.6842105263158,1530.0
685,107,3790,13157.0625,23400,535.0,1100.45625,2399.0
685,227,3100,4292.307692307692,5900,480.0,1020.7692307692307,1555.0
685,580,5600,6534.285714285715,7480,1410.0,1672.857142857143,2055.0
685,809,3400,3965.714285714286,4700,925.0,1072.857142857143,1390.0
685,1600,13016,13716.0,14416,1875.0,2190.0,2505.0
690,714,4000,5140.0,6280,975.0,1067.5,1160.0
694,184,400,1860.3333333333333,5000,30.0,183.66666666666666,615.0
694,185,2650,2766.6666666666665,2900,200.0,223.33333333333334,270.0
694,227,2150,2316.6666666666665,2400,170.0,210.0,250.0
694,438,1890,4501.290322580645,10400,191.0,444.6774193548387,1932.0
694,504,3600,5902.5,11310,450.0,918.3333333333334,1455.0
694,628,950,2168.235294117647,7800,80.0,142.58823529411765,305.0
694,714,1200,3005.625,5400,195.0,331.25,545.0
694,1061,2650,2650.0,2650,180.0,180.0,180.0
694,5611,5900,11522.5,13360,493.0,782.125,1405.0
694,6249,500,3408.409090909091,7640,90.0,267.9318181818182,1133.0
694,7330,3190,3190.0,3190,585.0,585.0,585.0
694,9712,4290,4416.666666666667,4670,452.0,757.3333333333334,1255.0
697,57,3900,5514.0,7900,620.0,1541.0,2445.0
697,76,4700,7180.0,8500,730.0,964.0,1140.0
697,148,1200,1626.25,2050,150.0,176.0,280.0
697,152,3200,10111.0,12300,436.0,531.7,724.0
697,168,950,1388.0,1800,100.0,115.6,200.0
697,317,3400,4233.333333333333,5900,510.0,1341.6666666666667,2065.0
697,429,400,750.0,2700,50.0,277.9166666666667,1720.0
697,453,3350,4028.5714285714284,4300,330.0,425.7142857142857,650.0
697,485,3190,4474.285714285715,5700,460.0,824.2857142857143,1325.0
697,542,2800,7542.777777777777,15560,458.0,1005.2777777777778,1984.0
697,562,600,803.0612244897959,1400,60.0,92.55102040816327,335.0
697,628,1000,2831.844827586207,7850,145.0,240.81896551724137,1572.0
697,639,3000,3222.5,3690,980.0,1323.75,1650.0
697,714,1800,2915.8823529411766,6580,170.0,283.55882352941177,1225.0
697,727,600,675.0,950,60.0,75.0,140.0
697,809,2390,2907.5,3490,685.0,839.375,1060.0
697,845,2400,5275.0,6850,420.0,793.0714285714286,1280.0
697,1600,13596,14096.0,14596,2615.0,2665.0,2715.0
697,7395,4310,4659.166666666667,5550,217.0,679.1666666666666,1628.0
697,7453,2000,10693.75,18400,425.0,555.875,795.0
697,8861,3360,6660.0,9960,297.0,301.5,306.0
697,9126,2090,2090.0,2090,485.0,547.5,610.0
697,9251,300,320.0,400,40.0,44.0,50.0
704,472,3800,4690.0,5880,815.0,1785.0,2270.0
705,485,3790,4790.0,5790,930.0,1375.0,2160.0
705,628,2790,3195.0,3600,300.0,555.0,810.0
709,163,6180,6680.0,7180,1165.0,1172.5,1180.0
709,649,2050,2438.5714285714284,3080,280.0,508.57142857142856,700.0
709,1070,1300,2335.0,3480,150.0,619.4,884.0
712,580,7390,8275.714285714286,10890,1150.0,1799.2857142857142,2865.0
712,628,2490,3783.761467889908,5980,250.0,387.5229357798165,1010.0
714,126,4750,7528.666666666667,12350,390.0,676.8,1745.0
714,184,1400,3949.7872340425533,5260,212.0,257.78723404255317,405.0
714,197,2680,7010.0,8920,295.0,819.3571428571429,1568.0
714,204,3390,8721.228070175439,13610,299.0,637.8245614035088,1355.0
714,213,3200,3200.0,3200,820.0,820.0,820.0
714,446,1000,1315.0,1890,90.0,290.8333333333333,600.0
714,472,1990,8682.5,11100,303.0,426.85,833.0
714,485,1400,2510.0,4750,390.0,590.3333333333334,950.0
714,562,2400,6149.444444444444,9230,240.0,679.0555555555555,1606.0
714,628,700,1234.6875,2560,70.0,138.25520833333334,808.0
714,694,1200,3650.0,6600,197.0,261.61290322580646,360.0
714,809,1700,7229.090909090909,16710,246.0,493.1636363636364,1201.0
714,847,1000,2008.0,4110,160.0,299.93333333333334,510.0
714,2181,1100,1171.4285714285713,1300,90.0,122.85714285714286,190.0
714,5105,1400,1620.0,2090,270.0,468.75,805.0
714,5548,11300,11825.0,12350,927.0,989.0,1051.0
714,9166,3200,5205.454545454545,7810,340.0,462.72727272727275,907.0
719,8011,2400,2400.0,2400,440.0,440.0,440.0
720,8317,5600,5600.0,5600,500.0,500.0,500.0
727,317,3900,3900.0,3900,2710.0,2835.0,2960.0
727,1061,3400,4139.285714285715,4990,690.0,861.4285714285714,1275.0
727,10233,3350,3525.0,3700,290.0,310.0,330.0
730,239,2000,2100.0,2200,1225.0,1225.0,1225.0
730,453,1800,2195.714285714286,2990,390.0,752.8571428571429,1365.0
730,628,950,2849.6,5430,123.0,289.32,1030.0
732,76,4750,4750.0,4750,410.0,445.0,480.0
732,189,3300,6957.272727272727,15200,386.0,939.5454545454545,1630.0
732,317,950,2139.0,3450,100.0,229.05714285714285,1113.0
732,453,2700,8687.852760736196,16570,246.0,577.680981595092,2855.0
732,485,400,505.0,600,50.0,57.5,90.0
732,504,2400,2564.705882352941,3500,200.0,231.1764705882353,320.0
732,542,2090,5046.315789473684,9770,169.0,293.7368421052632,972.0
732,628,2670,7512.916666666667,14870,168.0,368.15833333333336,1680.0
732,635,6690,16097.5,20000,599.0,691.5,905.0
732,714,2990,3388.3333333333335,4390,680.0,909.1666666666666,1580.0
732,5448,1100,1661.904761904762,3200,90.0,267.14285714285717,1025.0
732,7284,500,583.3333333333334,700,50.0,68.33333333333333,100.0
735,628,3790,4776.0,7490,865.0,1289.0,1945.0
737,628,2650,5242.857142857143,9600,151.0,221.96428571428572,382.0
737,845,5450,10554.545454545454,18900,480.0,944.3636363636364,1677.0
740,126,2500,9658.57142857143,13100,272.0,593.2857142857143,1865.0
753,845,2880,3290.0,3990,715.0,1225.0,2070.0
754,504,1690,6250.0,9390,735.0,924.0,1105.0
769,628,1800,4463.684210526316,10080,131.0,402.42105263157896,1573.0
777,440,6500,12505.714285714286,16300,386.0,460.0,560.0
777,2181,5250,5400.0,5600,470.0,513.3333333333334,550.0
809,21,2890,3378.181818181818,3790,725.0,988.1818181818181,1590.0
809,89,1100,1834.0,2200,110.0,713.0,1190.0
809,204,400,606.3636363636364,1270,50.0,121.27272727272727,1319.0
809,277,1100,1400.0,1700,160.0,165.0,170.0
809,336,3000,3195.0,3490,660.0,765.0,805.0
809,453,3500,5620.0,14200,320.0,506.42857142857144,1345.0
809,471,2750,2750.0,2750,270.0,270.0,270.0
809,485,2500,4982.068965517241,11650,230.0,312.62068965517244,500.0
809,504,6000,6000.0,6000,510.0,510.0,510.0
809,524,850,1823.5593220338983,3040,100.0,190.4915254237288,1199.0
809,562,3600,13820.588235294117,19500,293.0,579.3529411764706,2039.0
809,628,2000,5858.423913043478,17600,140.0,484.5271739130435,2348.0
809,694,1600,2012.5,2650,220.0,701.25,1290.0
809,714,2000,6928.245614035088,13110,249.0,594.1929824561404,1895.0
809,843,4090,4390.0,4690,860.0,972.5,1085.0
809,857,2100,2747.5,3100,895.0,1336.25,1755.0
809,940,1590,1670.0,1900,290.0,577.5,865.0
809,1061,2400,3370.3703703703704,4490,250.0,521.6666666666666,1645.0
809,1539,2690,3965.5555555555557,5580,330.0,959.4444444444445,1780.0
809,2181,2300,3450.9615384615386,4400,290.0,321.34615384615387,560.0
809,5197,4200,5866.666666666667,7900,810.0,1681.6666666666667,2360.0
814,485,3300,3445.0,3590,735.0,933.3333333333334,1545.0
825,524,15000,17233.333333333332,19100,482.0,506.0,545.0
825,580,4750,4750.0,4750,400.0,400.0,400.0
825,714,4490,10486.0,13800,465.0,611.0,915.0
825,845,850,1197.8666666666666,2940,90.0,130.01333333333332,1530.0
840,317,2000,4060.243902439024,5920,180.0,475.609756097561,1350.0
840,556,15600,17100.0,18700,837.0,1651.0,2238.0
843,89,2400,3848.5714285714284,4890,705.0,1147.857142857143,2145.0
843,102,2400,8026.666666666667,12900,336.0,885.0,1689.0
843,126,3700,4351.666666666667,4890,450.0,1308.3333333333333,1785.0
843,317,1700,2298.5714285714284,3000,230.0,590.0,905.0
843,485,1030,3777.6923076923076,10290,147.0,292.18461538461537,695.0
843,504,400,466.6666666666667,500,50.0,53.333333333333336,60.0
843,562,4890,9766.666666666666,14600,489.0,1356.0,1990.0
843,580,1400,1595.0,1790,595.0,657.5,720.0
843,628,4150,6027.272727272727,7300,430.0,550.8264462809917,1040.0
843,732,1900,2465.0,3000,270.0,717.5,1870.0
843,809,4090,9183.291139240506,14200,412.0,764.9240506329114,1990.0
843,845,2480,4998.0,8710,260.0,341.85,482.0
843,848,3400,4812.5,6380,805.0,1205.0,1545.0
843,2245,11090,11090.0,11090,1960.0,1960.0,1960.0
843,5595,3100,3775.0,4900,260.0,336.7857142857143,490.0
843,9123,1300,3144.2331288343557,3730,130.0,284.07361963190186,1561.0
845,23,4390,11131.666666666666,25600,533.0,1115.1333333333334,2395.0
845,28,3950,4050.0,4150,410.0,460.0,510.0
845,30,1050,2775.294117647059,6050,190.0,602.4901960784314,2150.0
845,54,4000,6304.285714285715,14700,400.0,797.9142857142857,2030.0
845,76,1700,2957.0588235294117,5190,230.0,473.8235294117647,2365.0
845,107,1200,1486.3636363636363,2800,110.0,178.1818181818182,600.0
845,109,1200,2366.309523809524,6600,160.0,226.92857142857142,570.0
845,126,1100,1905.4022988505747,4490,120.0,201.55402298850575,1541.0
845,168,2800,5193.2,12500,484.0,1137.92,1935.0
845,227,2990,3843.3333333333335,5150,450.0,820.0,1005.0
845,317,1550,3579.4871794871797,6510,288.0,604.0512820512821,1420.0
845,455,1150,2140.909090909091,4300,170.0,242.9090909090909,910.0
845,467,4380,14202.0,30000,403.0,1060.4666666666667,2001.0
845,485,2700,4042.777777777778,5250,320.0,478.3333333333333,1250.0
845,488,4400,4642.5,5290,450.0,703.75,980.0
845,504,2290,2948.9473684210525,3600,230.0,289.7368421052632,495.0
845,517,3250,4556.666666666667,5960,330.0,556.7777777777778,1668.0
845,528,7780,9996.666666666666,12410,725.0,831.6666666666666,1045.0
845,542,1450,1807.03125,2400,140.0,161.875,230.0
845,560,3990,4710.0,6150,510.0,873.3333333333334,1120.0
845,562,2200,4078.6776859504134,6250,340.0,470.18595041322317,1415.0
845,585,1400,2136.315789473684,2650,170.0,217.10526315789474,455.0
845,619,5150,6716.666666666667,7900,440.0,516.6666666666666,610.0
845,628,2400,5654.786324786325,18330,313.0,533.3247863247864,2120.0
845,685,3590,9559.20634920635,32000,470.0,949.015873015873,2156.0
845,704,5790,5790.0,5790,1060.0,1060.0,1060.0
845,843,1000,3826.25,6040,300.0,982.0,1715.0
845,848,3590,5727.777777777777,8880,350.0,755.4444444444445,1711.0
845,1038,4750,5333.333333333333,6250,370.0,400.0,440.0
845,1061,3500,7238.75,20200,418.0,983.5,2147.0
845,1088,4300,6169.285714285715,11460,370.0,582.6428571428571,1185.0
845,5595,600,1461.904761904762,1870,70.0,156.95238095238096,717.0
845,7507,4290,4956.666666666667,5490,775.0,1058.3333333333333,1500.0
845,9166,3000,3112.5,3250,240.0,287.5,340.0
845,11835,4550,7152.777777777777,11200,374.0,540.4444444444445,1502.0
847,485,1790,4363.571428571428,5250,430.0,638.2142857142857,2085.0
847,504,5090,10168.947368421053,18730,342.0,902.1052631578947,2340.0
847,639,3690,5932.0,9450,710.0,1306.0,2650.0
847,714,1200,2460.0,5000,170.0,294.38461538461536,480.0
848,126,1400,2945.185185185185,5780,153.0,234.59259259259258,390.0
848,200,2400,4043.846153846154,6480,190.0,622.6923076923077,1345.0
848,451,1800,8904.70588235294,16800,258.0,493.2352941176471,786.0
848,562,950,1770.3846153846155,3520,120.0,173.51923076923077,380.0
848,565,4690,4695.0,4700,1130.0,1292.5,1455.0
848,580,4790,5520.0,6380,1006.0,1283.6666666666667,1730.0
848,611,700,1166.8695652173913,2220,70.0,177.70434782608694,1375.0
848,628,1000,1981.027027027027,6240,120.0,215.82702702702701,1882.0
848,705,2690,3474.285714285714,4430,366.0,820.8571428571429,1465.0
848,809,1690,2948.0,5250,440.0,824.5,1660.0
848,1061,1690,8926.052631578947,15700,204.0,338.2105263157895,590.0
848,2070,2200,6710.0,10570,252.0,361.2,520.0
848,2643,3700,4875.0,10430,246.0,332.75,551.0
848,5115,7990,9695.0,11470,1530.0,1749.1666666666667,2040.0
848,7408,1070,1076.6666666666667,1080,136.0,362.3333333333333,678.0
848,7864,2790,6830.4,12010,320.0,403.6,645.0
848,12166,3000,5700.0,8400,300.0,1117.5,1935.0
857,628,1100,1450.0,2990,110.0,246.61290322580646,1420.0
857,809,2000,4642.720588235294,9020,240.0,836.6029411764706,2316.0
857,2181,850,1350.0,1700,100.0,125.71428571428571,210.0
857,8124,4500,5648.0,6200,435.0,783.0,1018.0
857,8861,1300,3533.3333333333335,4360,150.0,244.83333333333334,265.0
857,12166,600,2520.0,5300,80.0,594.0,1365.0
868,562,4690,5253.333333333333,6080,1055.0,1271.6666666666667,1645.0
872,148,5290,5450.0,5490,1095.0,1456.0,2345.0
872,279,2400,4283.75,10340,180.0,442.375,865.0
872,440,4750,5270.0,5880,560.0,1071.6666666666667,1855.0
872,453,3100,9062.916666666666,13480,230.0,416.1041666666667,1960.0
872,560,2390,4945.555555555556,9900,321.0,436.77777777777777,660.0
872,628,1400,5852.72,15580,154.0,466.256,1715.0
872,714,3390,9624.09090909091,16700,259.0,598.5454545454545,1646.0
872,730,3090,3317.5,3990,735.0,771.25,840.0
872,6841,6150,11488.75,13420,272.0,444.0,764.0
872,10480,1300,1762.5,2400,120.0,241.25,495.0
876,126,1890,3945.0,7580,300.0,572.8,1045.0
876,148,950,2467.9190751445085,6000,110.0,177.41618497109826,376.0
876,168,1690,3261.0,5780,254.0,1027.3,1930.0
876,562,700,1780.0,3750,70.0,152.71428571428572,675.0
876,585,3900,7850.909090909091,16540,493.0,1331.3636363636363,2430.0
876,587,1390,7424.615384615385,17700,170.0,499.4230769230769,1595.0
876,628,1700,5219.824561403509,14600,166.0,432.0988835725678,2373.0
876,1061,3200,3611.6666666666665,4390,690.0,1277.5,1750.0
876,5303,3600,5174.0,7800,300.0,553.2,1071.0
876,6074,3560,3560.0,3560,175.0,190.33333333333334,202.0
876,7340,5990,6740.0,7490,539.0,572.5,606.0
880,528,1300,1658.4848484848485,2400,120.0,196.36363636363637,520.0
880,673,3400,3814.0,4290,745.0,1217.0,1885.0
884,635,7570,7741.428571428572,7770,2515.0,2515.0,2515.0
885,126,3450,5612.5,6990,262.0,592.5,1480.0
885,628,1200,2171.625,6600,120.0,277.45,1588.0
940,227,1400,1872.5,2400,490.0,777.5,1065.0
940,451,4050,4096.666666666667,4190,350.0,463.3333333333333,690.0
940,809,1400,1590.0,1780,295.0,420.0,635.0
1041,524,4680,9360.344827586207,16920,380.0,863.0344827586207,1960.0
1041,585,990,1170.0,1530,64.0,74.33333333333333,94.0
1041,628,3600,6925.0,13680,223.0,356.1666666666667,530.0
1041,7330,10000,13507.142857142857,17200,885.0,1504.0,2325.0
1061,23,850,5313.4375,8120,162.0,218.5,405.0
1061,37,1200,1764.0,2490,250.0,505.5,1330.0
1061,57,3500,7477.64705882353,19200,365.0,757.0882352941177,2030.0
1061,76,3800,7633.454545454545,12890,920.0,1409.0,2320.0
1061,122,6590,6685.0,6780,1870.0,1910.0,1950.0
1061,126,2680,5206.981132075472,21000,283.0,785.3018867924528,1660.0
1061,134,2090,2506.153846153846,3390,460.0,779.2307692307693,1675.0
1061,168,3350,8845.625,13570,258.0,312.875,486.0
1061,171,1400,3441.6666666666665,6200,160.0,824.1666666666666,1350.0
1061,189,2290,4770.0,6010,187.0,818.0,1447.0
1061,192,2790,7597.0,14100,267.0,672.9,1573.0
1061,238,950,6477.5,10080,150.0,406.3333333333333,1525.0
1061,438,3100,8744.886363636364,19800,201.0,537.8522727272727,2141.0
1061,453,700,888.0952380952381,1100,70.0,81.9047619047619,110.0
1061,467,2400,6870.697674418605,23900,100.0,654.9302325581396,2134.0
1061,485,2800,8962.441860465116,19600,215.0,546.3488372093024,1960.0
1061,488,3700,4311.666666666667,5390,595.0,897.5,1805.0
1061,494,3100,14750.0,21400,250.0,616.0,1201.0
1061,542,3800,5354.545454545455,8250,570.0,1036.3636363636363,1640.0
1061,562,4150,11037.931034482759,18700,275.0,341.7931034482759,457.0
1061,628,1600,4314.585152838428,17320,108.0,304.67248908296943,1855.0
1061,657,3600,16200.0,22100,241.0,281.625,390.0
1061,697,4150,4617.5,5180,340.0,831.25,1755.0
1061,727,3790,9802.666666666666,22300,299.0,929.2666666666667,2631.0
1061,743,3500,5137.5,7100,420.0,763.75,1115.0
1061,809,2900,4190.0,6150,230.0,520.0,760.0
1061,845,3790,10406.349206349207,24700,416.0,858.7777777777778,2355.0
1061,847,700,2654.6774193548385,5890,64.0,438.85483870967744,1365.0
1061,880,5800,6762.5,7380,1220.0,1298.75,1365.0
1061,1411,4490,6033.636363636364,11680,250.0,475.57575757575756,925.0
1061,1477,4687,5941.714285714285,7739,604.0,710.5714285714286,970.0
1061,1918,7200,9937.142857142857,15350,1720.0,2061.4285714285716,2725.0
1061,2087,12300,12595.0,12890,1855.0,1870.0,1885.0
1061,6249,1700,9227.28813559322,11440,135.0,212.864406779661,521.0
1061,8078,5900,6850.0,8500,520.0,563.3333333333334,610.0
1061,11185,2050,2487.5,3000,190.0,211.875,240.0
1064,628,2400,4980.0,6150,430.0,681.0,1455.0
1064,843,1850,2450.0,2900,240.0,455.0,1290.0
1064,845,500,679.2682926829268,850,50.0,66.09756097560975,90.0
1088,23,6600,18888.333333333332,28860,520.0,889.0,1117.0
1088,33,3400,3400.0,3400,235.0,336.5,580.0
1088,126,4150,5134.285714285715,6490,340.0,542.8571428571429,1200.0
1088,504,2200,3232.9166666666665,4550,240.0,431.0416666666667,1505.0
1088,542,2750,3130.0,3800,230.0,274.0,330.0
1088,562,3800,6287.692307692308,17160,420.0,764.1282051282051,1893.0
1088,639,8800,8940.0,9080,378.0,383.5,389.0
1088,845,3390,5918.695652173913,9880,370.0,709.8260869565217,2102.0
1088,7569,4900,5075.0,5250,460.0,470.0,480.0
1383,485,3857,4658.235294117647,7178,1185.0,1530.2941176470588,2000.0
1383,628,3436,4137.363636363636,6654,735.0,821.060606060606,900.0
1411,126,3390,5816.875,9080,340.0,708.1875,1607.0
1431,57,950,1050.0,1100,90.0,100.0,110.0
1468,809,2990,4129.666666666667,4772,1085.0,1518.3333333333333,1970.0
1504,11185,3600,4016.6666666666665,4400,300.0,358.3333333333333,400.0
1532,99,5090,6083.333333333333,6780,1155.0,1532.8333333333333,2466.0
1532,628,8580,9606.0,11100,1380.0,1880.4,2451.0
1668,5121,4400,4700.0,5000,320.0,340.0,360.0
1720,628,3600,3600.0,3600,460.0,460.0,460.0
1885,440,4690,5217.5,6500,620.0,1063.75,1305.0
2023,485,5636,6557.076923076923,9207,1345.0,1543.076923076923,2060.0
2023,628,3138,3630.8571428571427,4574,945.0,1022.1428571428571,1100.0
2070,809,4050,5862.5,6790,330.0,1138.75,2290.0
2181,23,3000,4062.5,4750,310.0,359.1666666666667,390.0
2181,28,1600,2159.75,2750,160.0,271.75,1725.0
2181,227,2150,2441.6666666666665,3000,180.0,202.5,240.0
2181,453,1200,1750.5813953488373,6850,120.0,166.27906976744185,860.0
2181,562,1900,2710.0,3100,230.0,554.4444444444445,1795.0
2181,809,3100,3754.7368421052633,4750,280.0,364.4736842105263,1075.0
2245,1918,1550,2661.25,8490,180.0,417.5,1970.0
2249,2223,2500,2500.0,2500,370.0,370.0,370.0
2406,580,12201,13631.333333333334,15364,1790.0,2171.6666666666665,3105.0
2581,224,3090,3785.0,4480,895.0,925.0,955.0
3738,657,2090,3315.0,6690,300.0,822.5,1595.0
5105,192,2390,4362.727272727273,5650,269.0,548.2727272727273,1625.0
5105,580,7100,12273.333333333334,17450,461.0,585.0,1120.0
5105,628,600,875.0,1600,60.0,161.94444444444446,760.0
5105,714,1400,1400.0,1400,315.0,320.0,325.0
5105,6249,400,466.6666666666667,500,50.0,56.666666666666664,70.0
5115,628,5590,7451.111111111111,10290,760.0,1876.6666666666667,2490.0
5118,23,3400,4259.2307692307695,5350,440.0,1144.2307692307693,2190.0
5118,554,1300,2837.5,4700,180.0,358.375,1152.0
5118,809,2050,3736.3636363636365,6200,180.0,514.0909090909091,1195.0
5118,6074,4750,5104.545454545455,5600,370.0,415.45454545454544,490.0
5119,628,3090,3710.0,4280,480.0,566.0,660.0
5459,152,1200,1200.0,1200,100.0,100.0,100.0
5466,562,1700,3275.625,4490,130.0,173.4375,290.0
5467,485,1800,4565.0,6990,138.0,176.66666666666666,240.0
5467,504,1200,2649.0,3740,110.0,170.73333333333332,376.0
5489,227,1300,2312.5,3210,100.0,297.25,796.0
5489,2181,2400,3365.0,3800,250.0,299.0,340.0
5520,28,5800,9613.333333333334,12820,485.0,1151.3333333333333,2409.0
5520,504,3500,3725.0,3950,300.0,310.0,320.0
5520,628,3950,4272.222222222223,4750,310.0,345.55555555555554,420.0
5527,485,3250,3605.5555555555557,4150,280.0,305.9259259259259,330.0
5527,504,1200,2182.5,3640,110.0,276.4166666666667,845.0
5548,565,950,950.0,950,120.0,120.0,120.0
5548,714,12600,12650.0,12700,806.0,829.0,852.0
5548,6944,5900,8257.5,15080,460.0,717.25,1429.0
5595,809,5900,10050.0,14200,640.0,1124.5,1609.0
5607,628,3350,3633.3333333333335,3950,290.0,300.0,310.0
5607,694,4750,10650.0,13300,304.0,373.14285714285717,447.0
5607,737,3100,3400.0,3650,149.0,172.75,251.0
5611,200,1100,2105.4545454545455,3100,130.0,343.3636363636364,1394.0
5687,628,950,5516.923076923077,9510,149.0,214.92307692307693,323.0
5770,197,5430,7330.0,10720,307.0,585.5,1521.0
5822,23,5700,5700.0,5700,560.0,560.0,560.0
5822,628,1450,3580.4347826086955,7570,94.0,173.1304347826087,457.0
5843,697,1700,6288.5,11120,120.0,389.95,1486.0
5945,628,2400,2685.714285714286,3350,200.0,235.0,390.0
5945,876,600,1100.0,2850,70.0,98.77777777777777,230.0
5975,562,5230,6539.0,9540,499.0,1078.6,1739.0
6013,504,850,1785.0,2670,80.0,118.75,146.0
6025,483,6750,13283.333333333334,16690,610.0,669.3333333333334,699.0
6031,126,2400,2815.714285714286,3670,210.0,409.0,1033.0
6031,565,2770,3732.5,4270,176.0,284.125,616.0
6055,585,4650,4825.0,5000,380.0,395.0,410.0
6099,107,5000,6754.0,9080,450.0,694.7,1246.0
6107,23,3400,3700.0,4000,790.0,827.5,865.0
6107,446,3380,3380.0,3380,455.0,455.0,455.0
6107,628,1800,4744.2307692307695,8590,160.0,263.3076923076923,810.0
6107,714,2000,2499.2753623188405,2750,220.0,275.6521739130435,525.0
6107,809,4690,5285.0,6230,720.0,1097.5,1640.0
6107,1061,600,1148.0,1890,50.0,537.0,1575.0
6107,11185,2050,2366.6666666666665,2650,170.0,196.66666666666666,210.0
6113,126,1830,2672.8571428571427,4030,119.0,255.42857142857142,842.0
6135,628,2580,3113.3333333333335,3380,141.0,443.6666666666667,681.0
6135,694,400,1263.6363636363637,22900,40.0,407.72727272727275,11595.0
6153,1041,4650,9420.37037037037,14450,396.0,868.4444444444445,1253.0
6167,446,3100,3100.0,3100,260.0,270.0,280.0
6211,54,300,1150.0,2000,50.0,257.5,614.0
6216,580,5740,7460.952380952381,8180,456.0,659.0,1836.0
6249,246,3450,4037.2727272727275,4440,184.0,238.0,376.0
6249,694,2280,3924.5454545454545,5940,112.0,207.27272727272728,309.0
6249,845,5150,9828.461538461539,14540,378.0,538.2307692307693,781.0
6249,876,5510,11065.0,17240,268.0,314.0,391.0
6249,1061,2150,8951.42857142857,11440,137.0,209.76190476190476,344.0
6339,504,1200,2482.9268292682927,4010,100.0,163.97560975609755,228.0
6402,628,3100,6493.333333333333,7500,165.0,270.1111111111111,397.0
6496,628,1800,2796.875,3500,230.0,355.0,980.0
6496,809,1100,1847.5,2990,120.0,436.25,800.0
6522,23,19550,21383.333333333332,22450,522.0,750.3333333333334,1268.0
6579,5448,1100,1170.0,1300,90.0,117.0,160.0
6680,504,700,900.0,1100,116.0,127.0,138.0
6680,628,2800,7614.814814814815,11900,247.0,345.5925925925926,560.0
6780,107,2400,2880.9523809523807,3350,200.0,254.28571428571428,310.0
6807,845,18940,19330.0,19720,776.0,860.5,945.0
6829,453,1370,1472.5,1630,75.0,104.25,166.0
6841,628,1550,1550.0,1550,150.0,155.0,160.0
6912,628,3100,5145.714285714285,6900,248.0,333.7142857142857,875.0
7006,504,1940,1940.0,1940,155.0,169.0,183.0
7132,126,400,533.3333333333334,600,40.0,53.333333333333336,60.0
7134,628,3700,6995.333333333333,8500,201.0,222.8,320.0
7138,23,8110,13772.222222222223,15910,304.0,364.77777777777777,532.0
7168,587,500,1228.421052631579,4450,60.0,159.21052631578948,710.0
7168,705,700,1873.3333333333333,2600,120.0,616.6666666666666,1895.0
7168,1041,5990,7183.333333333333,8080,1480.0,2206.6666666666665,2920.0
7205,126,2500,4000.0,5520,200.0,432.6666666666667,585.0
7237,580,4650,10387.5,14150,318.0,600.125,1514.0
7284,453,9100,10737.142857142857,12340,479.0,802.0,1417.0
7284,732,400,1103.1818181818182,6330,60.0,118.1590909090909,1046.0
7284,5448,1700,1700.0,1700,160.0,160.0,160.0
7306,628,1200,3794.0,6780,137.0,219.8,283.0
7330,126,1690,2127.1428571428573,2400,190.0,1035.0,2575.0
7330,635,5200,10900.0,21100,467.0,514.3333333333334,574.0
7330,1041,4150,8520.0,17120,440.0,836.2413793103449,1869.0
7344,705,7550,10687.5,14110,580.0,1214.0,1522.0
7382,482,3600,4300.0,4750,360.0,422.0,510.0
7382,628,1700,2784.6153846153848,3330,105.0,263.53846153846155,895.0
7395,697,4240,4550.0,4810,235.0,390.1666666666667,701.0
7441,504,1450,3322.222222222222,3960,140.0,180.77777777777777,209.0
7448,580,4300,6588.333333333333,9090,380.0,477.6666666666667,617.0
7453,109,1100,1605.0,2700,110.0,348.5833333333333,1100.0
7453,628,3890,8785.714285714286,15170,321.0,568.1758241758242,2165.0
7480,485,2050,3916.4285714285716,6790,103.0,150.0,249.0
7507,76,3200,6090.0,12600,360.0,716.7647058823529,1980.0
7507,542,6300,7561.666666666667,9490,20000.0,20448.333333333332,20765.0
7523,57,9000,9425.0,9850,930.0,970.0,1010.0
7523,504,9000,9000.0,9000,1010.0,1010.0,1010.0
7523,628,14050,14050.0,14050,1110.0,1110.0,1110.0
7561,453,5000,6897.5,12440,386.0,426.5,440.0
7569,845,1200,2582.3529411764707,3770,100.0,321.05882352941177,882.0
7569,7817,3950,3950.0,3950,710.0,710.0,710.0
7603,126,3950,7314.285714285715,17100,160.0,459.2857142857143,1640.0
7603,204,2050,3340.909090909091,4050,330.0,382.72727272727275,500.0
7661,28,17000,18330.0,19220,428.0,520.25,674.0
7751,628,5450,7795.0,9850,506.0,1109.25,1628.0
7795,562,2000,3265.625,4000,147.0,194.25,275.0
7855,126,1550,2070.0,4580,140.0,194.95454545454547,704.0
7855,5303,1550,2147.6190476190477,4800,140.0,210.85714285714286,789.0
7864,11185,2400,2400.0,2400,210.0,210.0,210.0
7882,277,2400,2400.0,2400,250.0,250.0,250.0
7982,85,500,500.0,500,50.0,65.0,80.0
7982,580,5900,7250.0,8600,590.0,652.5,715.0
8017,845,500,511.1111111111111,600,50.0,56.666666666666664,70.0
8035,7603,3000,4593.548387096775,17720,251.0,404.9139784946237,1145.0
8127,429,400,834.8888888888889,1610,39.0,67.4888888888889,122.0
8265,148,1800,3910.0,5560,176.0,208.44444444444446,298.0
8290,546,1700,2973.181818181818,4820,180.0,241.04545454545453,350.0
8317,530,500,530.0,600,60.0,65.0,90.0
8317,845,850,1069.047619047619,1300,100.0,118.57142857142857,190.0
8326,8629,6840,6840.0,6840,963.0,963.0,963.0
8398,485,600,600.0,600,50.0,50.0,50.0
8409,485,1550,3852.5,6160,190.0,596.75,1197.0
8448,628,4150,4150.0,4150,330.0,330.0,330.0
8462,227,1550,3808.3333333333335,4770,170.0,873.1666666666666,2067.0
8490,714,2990,5128.333333333333,11930,300.0,695.8333333333334,1615.0
8494,184,4130,4442.0,5540,268.0,299.4,328.0
8494,628,850,1259.142857142857,2690,70.0,117.57142857142857,160.0
8531,705,3240,3680.0,4900,405.0,750.0,1099.0
8535,8626,400,1113.5294117647059,1230,40.0,97.05882352941177,230.0
8626,628,2400,5197.826086956522,10030,182.0,500.54347826086956,2124.0
8626,809,4290,4485.0,4680,2100.0,2175.0,2250.0
8629,126,5700,7864.444444444444,18990,344.0,524.9629629629629,821.0
8629,562,10990,13694.0,15530,339.0,487.4,705.0
8660,227,1200,1516.6666666666667,2050,110.0,148.2051282051282,230.0
8765,504,900,1020.0,1190,94.0,408.8,868.0
8810,227,1800,3136.3636363636365,3500,120.0,207.45454545454547,461.0
8810,628,850,933.3333333333334,1100,80.0,100.0,130.0
8810,857,400,1840.909090909091,4500,40.0,120.84848484848484,256.0
8861,562,3500,3500.0,3500,310.0,310.0,310.0
8861,697,2860,7660.8,10860,234.0,328.6,842.0
8861,809,3860,10020.377358490567,16160,247.0,363.0943396226415,945.0
8861,857,2860,3341.25,4160,216.0,354.25,673.0
8915,628,3600,3600.0,3600,300.0,300.0,300.0
8972,809,1450,1830.0,2800,120.0,473.0,1370.0
8998,611,5220,5220.0,5220,363.0,363.0,363.0
8999,54,1500,1595.2380952380952,2000,47.0,112.80952380952381,302.0
9012,23,2300,2300.0,2300,210.0,210.0,210.0
9044,726,4780,6575.0,7980,915.0,1030.0,1310.0
9044,809,3790,5505.0,7880,865.0,940.8333333333334,1035.0
9061,7179,2980,3033.3333333333335,3140,163.0,299.0,824.0
9077,542,2850,2850.0,2850,1180.0,1180.0,1180.0
9077,628,1450,1820.0,3940,120.0,242.91666666666666,845.0
9077,1041,3330,4274.705882352941,7450,640.0,1205.8823529411766,1550.0
9077,8722,9100,9100.0,9100,1225.0,1225.0,1225.0
9118,777,4650,6328.571428571428,14200,410.0,413.7142857142857,436.0
9123,843,1300,3147.0238095238096,3730,140.0,278.5595238095238,1622.0
9126,23,2990,17220.0,22780,457.0,819.875,1360.0
9126,737,3390,13898.333333333334,17980,534.0,1049.8333333333333,1639.0
9126,5687,2820,2967.5,3410,164.0,434.0,1155.0
9141,562,2400,2866.6666666666665,3000,210.0,265.0,470.0
9148,9667,12900,12900.0,12900,1560.0,1560.0,1560.0
9151,628,2500,4296.153846153846,6160,194.0,403.0769230769231,986.0
9166,85,3800,4285.714285714285,4750,360.0,385.7142857142857,410.0
9166,548,400,500.0,600,60.0,63.333333333333336,70.0
9170,6936,8250,8250.0,8250,630.0,630.0,630.0
9197,126,3060,5885.0,7670,190.0,700.5,2264.0
9251,580,15070,18495.0,21920,593.0,629.0,665.0
9442,628,3500,5858.0,11950,157.0,383.264,1799.0
9645,485,3600,6444.166666666667,11040,360.0,681.9166666666666,1298.0
9666,542,2500,2750.0,3000,210.0,246.66666666666666,270.0
9687,562,2900,2966.6666666666665,3100,240.0,250.0,260.0
9687,628,1200,1450.0,1800,120.0,167.77777777777777,290.0
9717,504,1900,1991.6666666666667,2150,170.0,211.66666666666666,290.0
9742,504,5000,7872.222222222223,19850,445.0,732.4444444444445,2224.0
9794,709,4550,4950.0,5350,480.0,485.0,490.0
10006,628,2400,3042.8571428571427,3350,250.0,287.14285714285717,350.0
10033,200,4650,10420.0,13140,403.0,771.0,1782.0
10033,628,5900,6983.333333333333,8250,550.0,616.6666666666666,820.0
10480,455,5150,5150.0,5150,420.0,420.0,420.0
10480,539,1100,1100.0,1100,170.0,170.0,170.0
10523,485,11090,11090.0,11090,2485.0,2485.0,2485.0
10719,628,1900,2487.3743016759777,3800,190.0,253.37988826815644,1675.0
10719,2181,1900,2447.169811320755,3350,190.0,226.79245283018867,320.0
10719,7507,5200,6960.0,8390,1515.0,1800.0,2340.0
10780,714,1100,1191.6666666666667,1550,90.0,113.33333333333333,140.0
10814,809,4650,4650.0,4650,380.0,380.0,380.0
10998,9197,1550,1625.0,1700,150.0,160.0,170.0
11185,7134,3700,3750.0,3800,310.0,310.0,310.0
11616,453,1200,1200.0,1200,80.0,80.0,80.0
11835,28,2900,2900.0,2900,230.0,230.0,230.0
11835,173,6600,8256.666666666666,13300,391.0,503.8,740.0
11835,246,2150,2366.6666666666665,2650,180.0,190.0,200.0
11835,485,2750,3505.0,3950,290.0,309.0,340.0
11938,126,3000,4204.861111111111,5350,330.0,445.27777777777777,2120.0
12124,1064,6000,6950.0,7900,670.0,1030.0,1390.0
12166,857,5300,5300.0,5300,1315.0,1315.0,1315.0
12190,639,600,688.8888888888889,850,70.0,88.88888888888889,160.0
12190,8937,9800,9800.0,9800,550.0,550.0,550.0
